order_id,product,category,price,quantity,date
1000,Binder,Stationery,232.91,54,2024-07-20
1001,Cabinet,Furniture,454.81,38,2024-09-29
1002,Laptop,Electronics,923.55,77,2024-01-25
1003,Markers,Stationery,122.56,62,2024-04-01
1004,Pen Set,Stationery,447.5,104,2024-07-28
1005,Binder,Stationery,478.49,152,2024-05-21
1006,Jeans,Clothing,174.17,173,2024-03-04
1007,Notebook,Stationery,305.35,47,2024-10-16
1008,Pen Set,Stationery,91.84,16,2024-05-01
1009,Sneakers,Clothing,42.79,151,2024-01-27
1010,Calculator,Stationery,389.73,139,2024-05-28
1011,Lamp,Furniture,577.27,148,2024-07-04
1012,Sneakers,Clothing,157.07,35,2024-06-02
1013,Jacket,Clothing,63.16,190,2024-08-11
1014,Cap,Clothing,65.76,24,2024-10-26
1015,Chair,Furniture,138.21,80,2024-03-02
1016,Smartwatch,Electronics,1080.72,89,2024-09-25
1017,Calculator,Stationery,185.04,126,2024-01-07
1018,Headphones,Electronics,352.47,144,2024-03-01
1019,Notebook,Stationery,201.02,36,2024-07-24
1020,Calculator,Stationery,491.03,174,2024-09-01
1021,Headphones,Electronics,319.18,131,2024-01-25
1022,Pen Set,Stationery,87.16,19,2024-03-12
1023,Notebook,Stationery,70.27,27,2024-07-24
1024,Smartwatch,Electronics,597.64,125,2024-06-24
1025,Cap,Clothing,54.96,158,2024-05-08
1026,Jeans,Clothing,168.76,115,2024-02-09
1027,Cabinet,Furniture,694.14,191,2024-02-18
1028,Pen Set,Stationery,499.05,109,2024-05-18
1029,Tablet,Electronics,986.27,19,2024-01-14
1030,Chair,Furniture,381.86,177,2024-02-10
1031,Markers,Stationery,325.61,195,2024-01-12
1032,Smartwatch,Electronics,520.24,182,2024-08-15
1033,Smartphone,Electronics,1099.64,31,2024-01-12
1034,Lamp,Furniture,200.56,188,2024-01-02
1035,Tablet,Electronics,682.71,54,2024-07-13
1036,Sneakers,Clothing,55.17,51,2024-10-22
1037,Desk,Furniture,537.79,172,2024-03-10
1038,Cap,Clothing,174.04,139,2024-02-26
1039,Chair,Furniture,704.23,158,2024-04-24
1040,Headphones,Electronics,993.82,120,2024-06-28
1041,Laptop,Electronics,199.0,123,2024-08-01
1042,Smartwatch,Electronics,312.03,37,2024-02-15
1043,Desk,Furniture,488.52,47,2024-03-12
1044,Pen Set,Stationery,469.95,101,2024-10-16
1045,T-Shirt,Clothing,136.23,134,2024-06-14
1046,Headphones,Electronics,1110.35,82,2024-04-26
1047,Chair,Furniture,124.52,13,2024-04-25
1048,Smartwatch,Electronics,243.37,130,2024-01-27
1049,Jacket,Clothing,111.91,62,2024-09-09
1050,Smartwatch,Electronics,767.53,17,2024-09-25
1051,Smartphone,Electronics,191.56,158,2024-04-29
1052,T-Shirt,Clothing,40.49,103,2024-06-13
1053,Tablet,Electronics,258.93,88,2024-08-12
1054,Markers,Stationery,53.25,97,2024-03-19
1055,Binder,Stationery,50.13,90,2024-04-14
1056,Bookshelf,Furniture,206.73,38,2024-08-15
1057,Smartphone,Electronics,1104.2,51,2024-08-29
1058,Smartwatch,Electronics,613.58,99,2024-01-04
1059,Headphones,Electronics,213.78,107,2024-03-20
1060,Binder,Stationery,98.38,78,2024-05-09
1061,Markers,Stationery,206.16,110,2024-05-13
1062,Desk,Furniture,609.08,71,2024-09-22
1063,Notebook,Stationery,334.37,33,2024-06-29
1064,Smartphone,Electronics,976.88,130,2024-07-08
1065,Calculator,Stationery,126.89,15,2024-08-26
1066,Desk,Furniture,285.33,162,2024-01-26
1067,Tablet,Electronics,193.6,177,2024-05-12
1068,Cap,Clothing,131.32,83,2024-09-30
1069,Jacket,Clothing,78.42,42,2024-04-04
1070,Cabinet,Furniture,641.67,168,2024-07-28
1071,Binder,Stationery,374.89,145,2024-04-18
1072,Notebook,Stationery,130.37,14,2024-05-23
1073,Jeans,Clothing,189.72,95,2024-07-27
1074,Smartwatch,Electronics,436.78,98,2024-06-24
1075,Smartwatch,Electronics,452.26,166,2024-03-22
1076,Bookshelf,Furniture,785.3,113,2024-08-10
1077,Laptop,Electronics,1161.81,30,2024-10-01
1078,Tablet,Electronics,809.32,132,2024-09-29
1079,Lamp,Furniture,579.68,20,2024-09-10
1080,Chair,Furniture,160.41,135,2024-04-16
1081,Tablet,Electronics,792.74,49,2024-07-26
1082,Headphones,Electronics,498.31,114,2024-03-31
1083,Jeans,Clothing,162.28,164,2024-02-11
1084,Jacket,Clothing,193.85,10,2024-05-27
1085,T-Shirt,Clothing,101.11,193,2024-05-27
1086,Binder,Stationery,249.71,192,2024-09-27
1087,Binder,Stationery,78.97,174,2024-05-26
1088,T-Shirt,Clothing,24.5,112,2024-02-26
1089,Pen Set,Stationery,474.95,71,2024-08-30
1090,Binder,Stationery,161.56,144,2024-07-17
1091,Sneakers,Clothing,123.56,183,2024-08-30
1092,Smartwatch,Electronics,749.16,45,2024-01-17
1093,Laptop,Electronics,684.12,109,2024-07-14
1094,Notebook,Stationery,65.56,67,2024-07-13
1095,Bookshelf,Furniture,463.37,51,2024-09-01
1096,Bookshelf,Furniture,345.15,81,2024-02-07
1097,Jeans,Clothing,197.3,109,2024-01-01
1098,Lamp,Furniture,123.76,105,2024-09-02
1099,Jacket,Clothing,98.89,189,2024-09-10
1100,Bookshelf,Furniture,107.92,110,2024-03-03
1101,Jeans,Clothing,139.12,79,2024-01-26
1102,Laptop,Electronics,704.05,186,2024-08-18
1103,Desk,Furniture,739.75,99,2024-04-13
1104,Chair,Furniture,501.98,142,2024-05-26
1105,Bookshelf,Furniture,753.79,77,2024-02-22
1106,Markers,Stationery,476.84,139,2024-04-29
1107,Pen Set,Stationery,175.31,111,2024-08-29
1108,Jeans,Clothing,92.53,178,2024-03-29
1109,Calculator,Stationery,444.88,193,2024-05-25
1110,Cabinet,Furniture,309.8,153,2024-05-23
1111,Desk,Furniture,653.6,169,2024-07-16
1112,Sneakers,Clothing,170.78,142,2024-07-27
1113,Smartwatch,Electronics,1194.69,196,2024-03-13
1114,Lamp,Furniture,293.76,105,2024-08-06
1115,Smartwatch,Electronics,341.85,199,2024-03-05
1116,Laptop,Electronics,640.19,61,2024-03-28
1117,Smartwatch,Electronics,897.9,150,2024-09-04
1118,Cap,Clothing,74.96,111,2024-02-20
1119,Cabinet,Furniture,550.9,127,2024-10-23
1120,Lamp,Furniture,610.62,21,2024-10-18
1121,Notebook,Stationery,22.13,126,2024-10-19
1122,Tablet,Electronics,166.91,18,2024-10-05
1123,Smartwatch,Electronics,965.13,35,2024-02-16
1124,Cabinet,Furniture,606.63,36,2024-05-29
1125,Smartwatch,Electronics,506.78,126,2024-04-02
1126,Headphones,Electronics,214.05,174,2024-10-03
1127,Bookshelf,Furniture,620.32,137,2024-02-17
1128,Headphones,Electronics,651.82,180,2024-05-08
1129,Binder,Stationery,29.06,111,2024-10-16
1130,Laptop,Electronics,443.4,186,2024-07-17
1131,Smartphone,Electronics,1000.08,51,2024-10-18
1132,Markers,Stationery,117.44,46,2024-09-17
1133,Smartwatch,Electronics,500.07,35,2024-10-26
1134,Lamp,Furniture,551.22,59,2024-02-20
1135,Cap,Clothing,181.46,23,2024-06-25
1136,T-Shirt,Clothing,177.78,138,2024-06-10
1137,Markers,Stationery,372.3,152,2024-03-28
1138,Smartwatch,Electronics,828.24,106,2024-02-29
1139,Laptop,Electronics,495.77,196,2024-09-28
1140,Lamp,Furniture,738.5,175,2024-09-22
1141,Binder,Stationery,33.33,53,2024-02-18
1142,Tablet,Electronics,739.03,16,2024-06-02
1143,Jeans,Clothing,133.47,25,2024-07-03
1144,Pen Set,Stationery,230.4,39,2024-08-23
1145,Headphones,Electronics,1017.17,50,2024-08-07
1146,Sneakers,Clothing,145.4,134,2024-05-10
1147,T-Shirt,Clothing,65.19,108,2024-04-07
1148,Smartwatch,Electronics,1145.17,63,2024-02-06
1149,Tablet,Electronics,1041.94,22,2024-07-23
1150,Cap,Clothing,167.47,20,2024-05-12
1151,Lamp,Furniture,717.68,30,2024-02-10
1152,Tablet,Electronics,846.35,133,2024-01-08
1153,Jacket,Clothing,37.38,183,2024-08-15
1154,Headphones,Electronics,357.07,26,2024-05-24
1155,Calculator,Stationery,62.29,164,2024-08-17
1156,Notebook,Stationery,284.34,189,2024-02-18
1157,Lamp,Furniture,109.97,57,2024-05-31
1158,Calculator,Stationery,28.7,109,2024-06-10
1159,Smartphone,Electronics,459.03,84,2024-10-19
1160,Cabinet,Furniture,380.43,103,2024-03-08
1161,Smartphone,Electronics,908.37,118,2024-09-06
1162,Laptop,Electronics,336.38,46,2024-10-04
1163,Notebook,Stationery,28.92,36,2024-07-20
1164,Cap,Clothing,192.09,82,2024-09-12
1165,Binder,Stationery,204.06,34,2024-01-13
1166,Markers,Stationery,211.58,52,2024-02-06
1167,Cabinet,Furniture,662.78,71,2024-06-17
1168,Calculator,Stationery,454.34,93,2024-06-03
1169,Markers,Stationery,216.56,41,2024-08-18
1170,Sneakers,Clothing,173.09,52,2024-04-09
1171,T-Shirt,Clothing,179.78,98,2024-04-14
1172,Sneakers,Clothing,109.46,175,2024-03-07
1173,Smartwatch,Electronics,1123.55,149,2024-10-04
1174,Lamp,Furniture,531.23,11,2024-04-02
1175,Smartphone,Electronics,160.96,181,2024-05-24
1176,Cap,Clothing,99.16,91,2024-04-22
1177,Lamp,Furniture,312.56,47,2024-10-26
1178,Smartphone,Electronics,893.51,106,2024-03-14
1179,Smartphone,Electronics,733.19,55,2024-05-29
1180,Tablet,Electronics,449.34,55,2024-10-04
1181,Smartwatch,Electronics,927.74,152,2024-04-22
1182,Cap,Clothing,157.42,32,2024-09-30
1183,Chair,Furniture,493.62,127,2024-09-14
1184,T-Shirt,Clothing,22.09,11,2024-05-08
1185,Pen Set,Stationery,19.6,59,2024-06-16
1186,Laptop,Electronics,931.75,57,2024-08-21
1187,Cap,Clothing,63.52,89,2024-04-04
1188,Smartphone,Electronics,231.0,59,2024-04-21
1189,Chair,Furniture,272.1,124,2024-03-25
1190,Smartwatch,Electronics,240.3,34,2024-04-19
1191,Sneakers,Clothing,172.33,24,2024-05-30
1192,Calculator,Stationery,62.25,23,2024-09-02
1193,Laptop,Electronics,784.42,131,2024-04-19
1194,T-Shirt,Clothing,45.14,150,2024-04-09
1195,Markers,Stationery,82.45,34,2024-09-25
1196,Cabinet,Furniture,799.16,198,2024-06-13
1197,Calculator,Stationery,311.05,115,2024-07-16
1198,Smartwatch,Electronics,1075.76,118,2024-06-16
1199,Notebook,Stationery,180.48,196,2024-03-25
1200,Calculator,Stationery,113.47,19,2024-01-23
1201,Headphones,Electronics,995.03,179,2024-04-17
1202,Notebook,Stationery,370.38,79,2024-05-20
1203,Notebook,Stationery,152.6,177,2024-04-15
1204,Headphones,Electronics,159.97,167,2024-07-26
1205,T-Shirt,Clothing,113.6,75,2024-06-23
1206,Headphones,Electronics,959.34,44,2024-08-26
1207,Bookshelf,Furniture,596.41,153,2024-07-08
1208,Tablet,Electronics,849.07,107,2024-09-19
1209,T-Shirt,Clothing,52.38,102,2024-08-24
1210,Chair,Furniture,407.42,39,2024-03-14
1211,Jacket,Clothing,42.89,101,2024-10-16
1212,Smartphone,Electronics,743.87,163,2024-03-12
1213,Desk,Furniture,402.0,60,2024-08-10
1214,Notebook,Stationery,477.89,75,2024-02-29
1215,Tablet,Electronics,757.68,138,2024-05-25
1216,Smartwatch,Electronics,797.64,36,2024-05-15
1217,Lamp,Furniture,308.4,33,2024-05-20
1218,Smartphone,Electronics,181.92,22,2024-06-17
1219,Binder,Stationery,147.13,171,2024-04-17
1220,Laptop,Electronics,953.01,142,2024-04-12
1221,Lamp,Furniture,493.38,133,2024-05-26
1222,Binder,Stationery,251.01,92,2024-05-08
1223,Desk,Furniture,634.52,174,2024-05-06
1224,Headphones,Electronics,276.38,99,2024-05-25
1225,Laptop,Electronics,539.21,66,2024-09-05
1226,Calculator,Stationery,99.03,77,2024-08-08
1227,Laptop,Electronics,209.15,108,2024-01-23
1228,Calculator,Stationery,33.96,108,2024-07-05
1229,Calculator,Stationery,69.3,22,2024-09-20
1230,Lamp,Furniture,754.72,197,2024-02-02
1231,Smartphone,Electronics,653.84,110,2024-09-10
1232,Smartphone,Electronics,920.41,72,2024-05-23
1233,Chair,Furniture,719.26,99,2024-10-09
1234,T-Shirt,Clothing,109.67,119,2024-08-17
1235,Bookshelf,Furniture,799.55,183,2024-03-29
1236,Cap,Clothing,149.69,184,2024-04-06
1237,Cabinet,Furniture,667.26,75,2024-01-24
1238,Markers,Stationery,444.85,98,2024-01-22
1239,Laptop,Electronics,1000.95,122,2024-07-27
1240,Jeans,Clothing,110.92,39,2024-03-19
1241,Smartphone,Electronics,718.94,63,2024-08-11
1242,Jeans,Clothing,101.17,29,2024-09-15
1243,Bookshelf,Furniture,296.99,21,2024-06-21
1244,Markers,Stationery,302.71,12,2024-04-08
1245,Cabinet,Furniture,615.23,78,2024-04-14
1246,Headphones,Electronics,997.88,20,2024-05-31
1247,Smartphone,Electronics,639.11,163,2024-10-13
1248,Laptop,Electronics,485.28,55,2024-05-28
1249,Calculator,Stationery,356.58,166,2024-10-04
1250,Laptop,Electronics,1077.27,66,2024-04-19
1251,Laptop,Electronics,297.26,30,2024-08-10
1252,Cabinet,Furniture,172.96,152,2024-04-05
1253,Markers,Stationery,105.17,104,2024-01-07
1254,Headphones,Electronics,875.97,199,2024-07-02
1255,Bookshelf,Furniture,736.09,166,2024-05-08
1256,Headphones,Electronics,559.28,21,2024-02-18
1257,Desk,Furniture,218.74,35,2024-10-03
1258,Markers,Stationery,361.77,137,2024-04-11
1259,Cabinet,Furniture,749.42,26,2024-02-23
1260,Lamp,Furniture,764.35,55,2024-08-03
1261,T-Shirt,Clothing,137.24,57,2024-07-08
1262,Binder,Stationery,225.38,68,2024-06-19
1263,Desk,Furniture,669.58,120,2024-08-23
1264,T-Shirt,Clothing,126.88,20,2024-03-19
1265,Tablet,Electronics,529.91,190,2024-02-02
1266,Smartphone,Electronics,610.38,18,2024-08-31
1267,Markers,Stationery,117.68,85,2024-10-15
1268,Smartphone,Electronics,386.41,81,2024-09-15
1269,Sneakers,Clothing,115.98,13,2024-09-12
1270,Smartwatch,Electronics,802.34,198,2024-02-23
1271,Tablet,Electronics,878.55,177,2024-02-23
1272,Pen Set,Stationery,447.8,148,2024-06-27
1273,T-Shirt,Clothing,161.98,126,2024-07-26
1274,Headphones,Electronics,973.06,136,2024-04-20
1275,Bookshelf,Furniture,313.02,157,2024-06-10
1276,Smartwatch,Electronics,354.68,186,2024-06-08
1277,Binder,Stationery,108.25,182,2024-02-20
1278,Binder,Stationery,105.28,61,2024-05-26
1279,Smartphone,Electronics,338.49,34,2024-05-31
1280,Bookshelf,Furniture,240.2,152,2024-09-03
1281,Notebook,Stationery,15.38,128,2024-06-03
1282,Headphones,Electronics,691.55,28,2024-03-24
1283,Calculator,Stationery,338.59,121,2024-08-30
1284,Chair,Furniture,719.9,120,2024-07-22
1285,Jacket,Clothing,99.17,18,2024-09-25
1286,T-Shirt,Clothing,143.98,174,2024-04-12
1287,Lamp,Furniture,603.67,133,2024-10-17
1288,Tablet,Electronics,431.81,84,2024-06-21
1289,Smartwatch,Electronics,215.64,18,2024-06-29
1290,Calculator,Stationery,79.22,68,2024-08-08
1291,Desk,Furniture,606.79,75,2024-08-17
1292,Jeans,Clothing,154.53,193,2024-06-12
1293,Smartphone,Electronics,1198.06,20,2024-01-18
1294,Lamp,Furniture,190.06,164,2024-09-08
1295,Notebook,Stationery,88.99,112,2024-07-14
1296,T-Shirt,Clothing,27.69,100,2024-06-09
1297,Smartwatch,Electronics,532.62,111,2024-10-22
1298,Calculator,Stationery,479.7,161,2024-01-26
1299,Laptop,Electronics,352.79,185,2024-04-17
1300,Markers,Stationery,213.76,23,2024-03-23
1301,Lamp,Furniture,277.19,13,2024-07-18
1302,Bookshelf,Furniture,258.85,101,2024-07-13
1303,Bookshelf,Furniture,652.13,96,2024-03-30
1304,Lamp,Furniture,714.3,34,2024-05-25
1305,Lamp,Furniture,359.76,186,2024-05-30
1306,Headphones,Electronics,554.38,167,2024-03-14
1307,Cap,Clothing,88.41,117,2024-02-17
1308,Binder,Stationery,491.43,59,2024-06-03
1309,Laptop,Electronics,506.73,72,2024-03-25
1310,Cabinet,Furniture,143.89,99,2024-08-20
1311,Laptop,Electronics,312.2,100,2024-05-29
1312,Binder,Stationery,198.77,91,2024-01-27
1313,Smartwatch,Electronics,293.01,143,2024-03-28
1314,Smartwatch,Electronics,501.91,30,2024-06-13
1315,Smartphone,Electronics,1127.12,88,2024-09-09
1316,Headphones,Electronics,864.36,56,2024-09-16
1317,Smartwatch,Electronics,290.24,132,2024-03-02
1318,Laptop,Electronics,237.54,80,2024-06-29
1319,T-Shirt,Clothing,53.06,175,2024-09-21
1320,Calculator,Stationery,276.46,22,2024-09-06
1321,Markers,Stationery,158.18,174,2024-06-09
1322,Sneakers,Clothing,187.8,50,2024-06-08
1323,Headphones,Electronics,713.71,110,2024-10-20
1324,Pen Set,Stationery,31.23,136,2024-10-02
1325,Cabinet,Furniture,506.23,181,2024-09-15
1326,Smartphone,Electronics,1114.62,44,2024-05-18
1327,Smartphone,Electronics,1034.35,17,2024-02-28
1328,Headphones,Electronics,702.38,65,2024-02-23
1329,Sneakers,Clothing,131.17,130,2024-06-16
1330,Calculator,Stationery,45.01,59,2024-03-15
1331,Markers,Stationery,422.44,171,2024-07-07
1332,Jacket,Clothing,83.7,127,2024-10-06
1333,Laptop,Electronics,1042.16,111,2024-05-13
1334,Headphones,Electronics,463.37,127,2024-08-18
1335,Laptop,Electronics,535.69,17,2024-06-19
1336,Smartwatch,Electronics,1006.95,24,2024-09-21
1337,Headphones,Electronics,799.1,46,2024-10-07
1338,Cap,Clothing,88.3,10,2024-06-08
1339,Tablet,Electronics,483.47,10,2024-03-09
1340,Headphones,Electronics,1195.27,93,2024-06-26
1341,Headphones,Electronics,1053.85,164,2024-07-31
1342,Cap,Clothing,104.41,78,2024-08-05
1343,Laptop,Electronics,675.79,70,2024-09-22
1344,Headphones,Electronics,1151.11,123,2024-09-16
1345,T-Shirt,Clothing,145.73,47,2024-09-01
1346,Pen Set,Stationery,118.57,72,2024-02-07
1347,Lamp,Furniture,733.57,171,2024-08-01
1348,Smartwatch,Electronics,1115.78,180,2024-05-03
1349,Markers,Stationery,307.33,140,2024-04-10
1350,T-Shirt,Clothing,36.18,168,2024-06-08
1351,Chair,Furniture,795.0,73,2024-03-10
1352,Jeans,Clothing,102.26,23,2024-01-26
1353,Calculator,Stationery,27.82,45,2024-05-28
1354,Cabinet,Furniture,619.71,137,2024-06-14
1355,Cap,Clothing,85.44,76,2024-05-16
1356,Chair,Furniture,658.95,102,2024-05-18
1357,Pen Set,Stationery,122.89,128,2024-06-30
1358,Tablet,Electronics,353.51,130,2024-07-17
1359,Notebook,Stationery,438.27,177,2024-04-19
1360,Smartphone,Electronics,594.62,138,2024-10-24
1361,Bookshelf,Furniture,363.48,179,2024-06-14
1362,Pen Set,Stationery,262.8,73,2024-07-31
1363,Lamp,Furniture,435.28,166,2024-02-13
1364,Jacket,Clothing,123.64,58,2024-10-25
1365,Lamp,Furniture,545.09,80,2024-10-21
1366,Cap,Clothing,56.21,81,2024-01-02
1367,Jeans,Clothing,68.59,122,2024-05-09
1368,Bookshelf,Furniture,398.48,127,2024-09-11
1369,Cap,Clothing,124.22,34,2024-10-08
1370,Laptop,Electronics,833.9,64,2024-07-27
1371,Pen Set,Stationery,165.66,140,2024-01-28
1372,Jeans,Clothing,56.48,44,2024-01-16
1373,Sneakers,Clothing,37.91,47,2024-04-27
1374,Sneakers,Clothing,161.92,179,2024-07-04
1375,Binder,Stationery,316.85,171,2024-05-28
1376,Sneakers,Clothing,63.86,154,2024-07-27
1377,Jeans,Clothing,117.64,174,2024-10-18
1378,Jeans,Clothing,152.63,123,2024-06-19
1379,Pen Set,Stationery,445.76,95,2024-10-11
1380,Cabinet,Furniture,347.39,40,2024-03-26
1381,Bookshelf,Furniture,457.89,142,2024-01-10
1382,Tablet,Electronics,642.42,158,2024-05-14
1383,Notebook,Stationery,275.62,185,2024-05-02
1384,Tablet,Electronics,318.75,143,2024-01-04
1385,Calculator,Stationery,122.96,189,2024-07-06
1386,Lamp,Furniture,792.13,147,2024-07-26
1387,Smartwatch,Electronics,699.87,48,2024-10-26
1388,T-Shirt,Clothing,184.02,133,2024-10-08
1389,Pen Set,Stationery,361.43,199,2024-06-07
1390,Pen Set,Stationery,388.16,54,2024-06-19
1391,Calculator,Stationery,34.84,80,2024-10-11
1392,Lamp,Furniture,503.24,123,2024-09-03
1393,Markers,Stationery,138.94,175,2024-03-19
1394,Bookshelf,Furniture,582.94,40,2024-05-19
1395,Smartphone,Electronics,1160.27,186,2024-04-27
1396,Headphones,Electronics,603.33,34,2024-05-09
1397,Jacket,Clothing,157.34,96,2024-07-27
1398,Desk,Furniture,169.25,19,2024-01-06
1399,Markers,Stationery,193.12,144,2024-01-28
1400,Laptop,Electronics,320.8,160,2024-07-14
1401,Notebook,Stationery,101.86,175,2024-04-08
1402,Desk,Furniture,424.88,12,2024-06-16
1403,Chair,Furniture,674.85,143,2024-02-25
1404,Bookshelf,Furniture,324.41,170,2024-06-25
1405,Sneakers,Clothing,189.77,19,2024-09-03
1406,T-Shirt,Clothing,184.71,173,2024-07-01
1407,Jeans,Clothing,116.77,144,2024-07-18
1408,Tablet,Electronics,720.5,154,2024-06-17
1409,Calculator,Stationery,308.51,121,2024-10-26
1410,Pen Set,Stationery,387.48,71,2024-02-01
1411,Sneakers,Clothing,37.4,165,2024-07-17
1412,Sneakers,Clothing,68.21,198,2024-01-23
1413,Pen Set,Stationery,438.14,83,2024-02-28
1414,Jeans,Clothing,169.88,85,2024-03-28
1415,Tablet,Electronics,638.32,67,2024-03-02
1416,Headphones,Electronics,937.95,170,2024-02-15
1417,Notebook,Stationery,446.96,170,2024-08-27
1418,Laptop,Electronics,604.06,170,2024-03-21
1419,Jacket,Clothing,135.05,40,2024-01-02
1420,Notebook,Stationery,208.13,195,2024-09-10
1421,Smartphone,Electronics,371.14,151,2024-09-12
1422,Jeans,Clothing,77.88,35,2024-02-18
1423,Smartwatch,Electronics,787.21,186,2024-04-12
1424,Smartwatch,Electronics,529.97,63,2024-10-12
1425,T-Shirt,Clothing,36.34,24,2024-04-27
1426,Markers,Stationery,195.04,142,2024-06-24
1427,Headphones,Electronics,740.93,85,2024-10-08
1428,Jacket,Clothing,65.89,174,2024-02-28
1429,T-Shirt,Clothing,150.63,194,2024-05-01
1430,Smartphone,Electronics,931.07,146,2024-06-06
1431,Desk,Furniture,735.17,62,2024-03-07
1432,Markers,Stationery,447.73,103,2024-06-15
1433,Markers,Stationery,193.49,102,2024-02-24
1434,Jacket,Clothing,167.06,113,2024-02-27
1435,T-Shirt,Clothing,110.99,94,2024-08-14
1436,Sneakers,Clothing,197.93,191,2024-09-02
1437,Binder,Stationery,163.15,57,2024-09-22
1438,Calculator,Stationery,475.16,185,2024-01-31
1439,Jacket,Clothing,38.62,39,2024-06-12
1440,Lamp,Furniture,460.49,10,2024-05-14
1441,Sneakers,Clothing,97.22,57,2024-06-26
1442,Calculator,Stationery,275.76,129,2024-09-28
1443,Binder,Stationery,320.27,101,2024-06-11
1444,Chair,Furniture,122.09,118,2024-01-11
1445,Smartphone,Electronics,331.49,17,2024-07-21
1446,Cap,Clothing,116.96,82,2024-08-21
1447,Chair,Furniture,638.84,97,2024-03-04
1448,Lamp,Furniture,347.29,113,2024-01-12
1449,Headphones,Electronics,658.83,38,2024-01-26
1450,Bookshelf,Furniture,226.92,145,2024-02-12
1451,Cap,Clothing,176.05,49,2024-04-05
1452,Pen Set,Stationery,343.8,85,2024-10-25
1453,T-Shirt,Clothing,92.54,76,2024-05-21
1454,T-Shirt,Clothing,29.88,73,2024-03-03
1455,Desk,Furniture,163.35,190,2024-01-16
1456,Notebook,Stationery,357.43,52,2024-08-09
1457,Bookshelf,Furniture,505.13,79,2024-07-26
1458,Jacket,Clothing,26.86,139,2024-06-07
1459,Desk,Furniture,437.54,46,2024-07-16
1460,T-Shirt,Clothing,146.85,101,2024-04-16
1461,Smartphone,Electronics,678.37,24,2024-09-20
1462,Cabinet,Furniture,612.29,67,2024-05-13
1463,Lamp,Furniture,542.16,80,2024-07-05
1464,Tablet,Electronics,882.8,32,2024-06-15
1465,Pen Set,Stationery,59.43,179,2024-03-23
1466,Tablet,Electronics,415.63,90,2024-08-20
1467,Lamp,Furniture,413.42,176,2024-03-09
1468,Jacket,Clothing,188.22,187,2024-10-08
1469,Jacket,Clothing,155.68,68,2024-05-11
1470,Cap,Clothing,27.04,132,2024-07-02
1471,Cabinet,Furniture,688.58,134,2024-01-19
1472,Headphones,Electronics,662.93,177,2024-01-13
1473,Tablet,Electronics,795.11,40,2024-07-05
1474,Chair,Furniture,273.54,195,2024-02-23
1475,Lamp,Furniture,255.16,151,2024-09-07
1476,Sneakers,Clothing,189.07,85,2024-03-28
1477,Cabinet,Furniture,517.53,32,2024-05-05
1478,T-Shirt,Clothing,192.58,97,2024-03-05
1479,Tablet,Electronics,612.66,67,2024-09-05
1480,T-Shirt,Clothing,99.65,158,2024-05-18
1481,Desk,Furniture,289.09,74,2024-10-08
1482,Smartphone,Electronics,806.25,47,2024-01-06
1483,Jeans,Clothing,100.1,144,2024-02-24
1484,Tablet,Electronics,290.01,82,2024-01-24
1485,Pen Set,Stationery,470.62,119,2024-04-23
1486,Tablet,Electronics,360.8,88,2024-08-04
1487,Tablet,Electronics,861.67,148,2024-05-21
1488,Markers,Stationery,348.09,191,2024-03-19
1489,Markers,Stationery,477.72,181,2024-07-20
1490,Sneakers,Clothing,164.6,103,2024-04-21
1491,Calculator,Stationery,222.85,134,2024-07-14
1492,Jeans,Clothing,188.84,198,2024-02-28
1493,T-Shirt,Clothing,186.25,163,2024-07-19
1494,Desk,Furniture,595.88,89,2024-08-31
1495,Laptop,Electronics,1165.27,59,2024-07-05
1496,Desk,Furniture,426.82,124,2024-03-03
1497,Jeans,Clothing,101.32,137,2024-07-20
1498,Chair,Furniture,418.99,149,2024-04-20
1499,Tablet,Electronics,348.62,28,2024-02-20
1500,Headphones,Electronics,840.66,100,2024-09-01
1501,Lamp,Furniture,778.14,100,2024-09-28
1502,Desk,Furniture,431.78,48,2024-03-14
1503,Calculator,Stationery,239.9,196,2024-06-23
1504,Markers,Stationery,422.96,110,2024-09-14
1505,Jacket,Clothing,120.67,164,2024-07-20
1506,Headphones,Electronics,343.25,19,2024-03-03
1507,Calculator,Stationery,146.12,16,2024-10-10
1508,Headphones,Electronics,314.39,63,2024-10-24
1509,Sneakers,Clothing,95.53,129,2024-05-16
1510,Notebook,Stationery,281.05,73,2024-03-10
1511,T-Shirt,Clothing,30.82,116,2024-05-31
1512,Bookshelf,Furniture,483.35,78,2024-03-21
1513,Jacket,Clothing,100.22,19,2024-10-23
1514,T-Shirt,Clothing,54.92,93,2024-03-26
1515,Desk,Furniture,157.3,34,2024-05-20
1516,Sneakers,Clothing,79.16,188,2024-06-11
1517,Desk,Furniture,262.84,198,2024-05-08
1518,Tablet,Electronics,483.6,44,2024-09-28
1519,Smartphone,Electronics,956.57,73,2024-02-16
1520,Smartwatch,Electronics,182.75,46,2024-07-14
1521,Binder,Stationery,147.59,123,2024-02-07
1522,Calculator,Stationery,308.93,158,2024-03-14
1523,Chair,Furniture,408.44,147,2024-02-22
1524,Chair,Furniture,273.25,91,2024-02-18
1525,Tablet,Electronics,787.92,170,2024-08-31
1526,Jeans,Clothing,71.81,100,2024-01-28
1527,Pen Set,Stationery,495.4,34,2024-07-23
1528,Notebook,Stationery,201.69,100,2024-01-20
1529,Bookshelf,Furniture,793.52,90,2024-09-03
1530,Chair,Furniture,484.17,187,2024-06-22
1531,Smartphone,Electronics,177.59,137,2024-03-19
1532,Markers,Stationery,499.66,36,2024-04-24
1533,Bookshelf,Furniture,413.6,10,2024-10-01
1534,Headphones,Electronics,269.74,106,2024-10-01
1535,Bookshelf,Furniture,232.15,114,2024-08-03
1536,Chair,Furniture,599.18,129,2024-02-01
1537,Jacket,Clothing,26.64,148,2024-04-12
1538,Pen Set,Stationery,349.49,195,2024-07-26
1539,Binder,Stationery,487.18,49,2024-07-01
1540,Desk,Furniture,568.13,118,2024-08-10
1541,Binder,Stationery,163.58,164,2024-03-07
1542,Markers,Stationery,83.53,65,2024-04-17
1543,Desk,Furniture,794.22,87,2024-04-13
1544,Bookshelf,Furniture,419.67,82,2024-05-22
1545,Desk,Furniture,220.83,54,2024-05-21
1546,T-Shirt,Clothing,21.52,122,2024-07-07
1547,Chair,Furniture,253.29,32,2024-04-14
1548,Jeans,Clothing,148.94,179,2024-10-01
1549,Bookshelf,Furniture,191.52,47,2024-07-07
1550,Cabinet,Furniture,363.03,50,2024-10-20
1551,Jeans,Clothing,79.39,16,2024-01-29
1552,Smartphone,Electronics,331.72,79,2024-10-18
1553,Binder,Stationery,116.62,116,2024-06-25
1554,Bookshelf,Furniture,301.95,107,2024-03-16
1555,Chair,Furniture,198.52,59,2024-08-17
1556,Jeans,Clothing,162.19,132,2024-05-11
1557,Jeans,Clothing,181.98,60,2024-01-23
1558,Smartphone,Electronics,470.44,19,2024-10-04
1559,Binder,Stationery,62.53,42,2024-02-29
1560,Smartwatch,Electronics,777.31,190,2024-03-22
1561,Cap,Clothing,53.97,29,2024-08-24
1562,Notebook,Stationery,206.47,92,2024-06-27
1563,Bookshelf,Furniture,737.7,44,2024-03-27
1564,Smartphone,Electronics,348.05,86,2024-09-14
1565,Sneakers,Clothing,129.71,173,2024-04-09
1566,Pen Set,Stationery,346.75,118,2024-09-16
1567,Tablet,Electronics,358.16,170,2024-06-22
1568,Markers,Stationery,452.81,66,2024-02-19
1569,Binder,Stationery,278.08,97,2024-08-15
1570,Sneakers,Clothing,28.95,80,2024-08-04
1571,Sneakers,Clothing,150.06,87,2024-05-29
1572,Sneakers,Clothing,142.28,23,2024-03-11
1573,Laptop,Electronics,799.81,35,2024-05-07
1574,Smartphone,Electronics,905.13,198,2024-01-13
1575,Chair,Furniture,716.03,101,2024-07-07
1576,Binder,Stationery,15.71,36,2024-01-31
1577,Markers,Stationery,139.54,80,2024-03-03
1578,Sneakers,Clothing,156.87,103,2024-02-16
1579,Binder,Stationery,193.57,188,2024-08-05
1580,Chair,Furniture,575.8,67,2024-03-06
1581,Sneakers,Clothing,101.93,101,2024-02-15
1582,Markers,Stationery,311.7,130,2024-03-03
1583,Bookshelf,Furniture,224.1,58,2024-05-25
1584,Tablet,Electronics,1068.54,177,2024-09-07
1585,Markers,Stationery,314.21,45,2024-08-24
1586,Laptop,Electronics,1120.62,183,2024-06-23
1587,T-Shirt,Clothing,144.22,196,2024-04-02
1588,Binder,Stationery,97.79,12,2024-02-12
1589,Smartphone,Electronics,156.07,110,2024-05-05
1590,Smartwatch,Electronics,834.9,176,2024-03-22
1591,Markers,Stationery,495.22,138,2024-07-09
1592,Cabinet,Furniture,480.17,96,2024-09-11
1593,Jeans,Clothing,105.37,162,2024-03-20
1594,Binder,Stationery,75.95,76,2024-05-04
1595,T-Shirt,Clothing,169.45,127,2024-03-21
1596,T-Shirt,Clothing,37.07,188,2024-06-03
1597,Tablet,Electronics,491.56,68,2024-05-24
1598,Tablet,Electronics,613.79,140,2024-07-03
1599,Jeans,Clothing,95.95,176,2024-06-23
1600,Smartwatch,Electronics,371.84,181,2024-07-23
1601,Tablet,Electronics,905.46,65,2024-05-11
1602,Tablet,Electronics,1158.32,52,2024-03-22
1603,Binder,Stationery,367.66,166,2024-10-09
1604,Sneakers,Clothing,178.71,194,2024-05-08
1605,Cabinet,Furniture,185.25,97,2024-06-09
1606,Bookshelf,Furniture,216.02,97,2024-09-11
1607,Sneakers,Clothing,148.58,183,2024-03-05
1608,Desk,Furniture,577.02,123,2024-04-30
1609,Binder,Stationery,134.43,134,2024-09-11
1610,Chair,Furniture,106.62,82,2024-01-07
1611,Chair,Furniture,556.66,184,2024-01-30
1612,Chair,Furniture,535.7,35,2024-04-05
1613,Binder,Stationery,230.19,120,2024-10-26
1614,Desk,Furniture,705.45,91,2024-05-23
1615,Jacket,Clothing,41.13,24,2024-09-03
1616,Cabinet,Furniture,141.69,75,2024-06-03
1617,Sneakers,Clothing,128.74,122,2024-08-12
1618,Bookshelf,Furniture,653.17,161,2024-03-01
1619,Cap,Clothing,137.55,98,2024-06-29
1620,Bookshelf,Furniture,459.24,41,2024-09-15
1621,Pen Set,Stationery,230.77,149,2024-03-16
1622,Cap,Clothing,185.22,44,2024-06-23
1623,Notebook,Stationery,117.63,200,2024-04-03
1624,Calculator,Stationery,463.36,73,2024-05-28
1625,Laptop,Electronics,1181.92,120,2024-07-04
1626,Laptop,Electronics,793.26,162,2024-10-21
1627,Cap,Clothing,33.01,33,2024-07-31
1628,Markers,Stationery,415.85,17,2024-08-08
1629,Laptop,Electronics,301.05,140,2024-08-18
1630,T-Shirt,Clothing,38.28,16,2024-02-17
1631,Cabinet,Furniture,394.69,101,2024-01-30
1632,Headphones,Electronics,397.78,113,2024-04-09
1633,Smartwatch,Electronics,339.5,81,2024-07-22
1634,Lamp,Furniture,248.29,70,2024-10-27
1635,Chair,Furniture,685.42,72,2024-02-19
1636,Jacket,Clothing,25.52,124,2024-07-01
1637,Markers,Stationery,102.0,26,2024-02-29
1638,Cap,Clothing,135.55,76,2024-06-01
1639,Laptop,Electronics,843.95,109,2024-05-25
1640,Jeans,Clothing,85.84,84,2024-09-03
1641,Notebook,Stationery,122.38,196,2024-02-11
1642,Tablet,Electronics,1104.18,28,2024-05-30
1643,Headphones,Electronics,189.71,189,2024-03-24
1644,Tablet,Electronics,200.44,24,2024-08-19
1645,Notebook,Stationery,451.09,34,2024-09-06
1646,Bookshelf,Furniture,142.26,49,2024-01-13
1647,Bookshelf,Furniture,362.73,76,2024-04-11
1648,Lamp,Furniture,379.26,145,2024-10-16
1649,Cabinet,Furniture,773.77,70,2024-02-12
1650,Jacket,Clothing,34.35,116,2024-04-10
1651,Smartwatch,Electronics,347.2,180,2024-07-03
1652,Sneakers,Clothing,191.12,172,2024-02-01
1653,Calculator,Stationery,251.19,61,2024-01-05
1654,Smartphone,Electronics,828.59,198,2024-03-17
1655,Markers,Stationery,137.75,132,2024-08-23
1656,Laptop,Electronics,465.31,59,2024-02-23
1657,Laptop,Electronics,732.03,197,2024-01-21
1658,Notebook,Stationery,337.33,15,2024-04-23
1659,Smartwatch,Electronics,477.02,150,2024-05-27
1660,Headphones,Electronics,772.69,148,2024-03-07
1661,Lamp,Furniture,159.89,97,2024-06-10
1662,Cap,Clothing,111.2,134,2024-05-08
1663,Tablet,Electronics,362.8,132,2024-02-25
1664,Calculator,Stationery,15.03,100,2024-08-23
1665,Markers,Stationery,69.93,67,2024-09-09
1666,T-Shirt,Clothing,42.41,92,2024-10-14
1667,Cabinet,Furniture,671.94,97,2024-02-21
1668,Jacket,Clothing,39.01,48,2024-10-15
1669,Pen Set,Stationery,373.8,189,2024-06-28
1670,Pen Set,Stationery,453.34,91,2024-03-14
1671,Smartphone,Electronics,295.96,72,2024-02-14
1672,Chair,Furniture,233.84,46,2024-06-25
1673,Calculator,Stationery,97.89,166,2024-02-27
1674,Cabinet,Furniture,394.27,92,2024-10-11
1675,Bookshelf,Furniture,518.89,103,2024-02-09
1676,Bookshelf,Furniture,398.23,188,2024-03-29
1677,Pen Set,Stationery,106.17,139,2024-03-22
1678,Jacket,Clothing,32.45,158,2024-01-29
1679,Jeans,Clothing,139.18,157,2024-02-03
1680,Lamp,Furniture,252.75,122,2024-03-28
1681,Smartwatch,Electronics,1033.35,109,2024-04-27
1682,Desk,Furniture,296.07,84,2024-04-26
1683,Notebook,Stationery,208.78,184,2024-09-12
1684,Cabinet,Furniture,112.76,34,2024-07-25
1685,Tablet,Electronics,248.31,14,2024-05-06
1686,Lamp,Furniture,656.24,114,2024-01-11
1687,Binder,Stationery,225.44,174,2024-07-27
1688,Calculator,Stationery,368.77,42,2024-09-25
1689,Cap,Clothing,58.43,180,2024-10-25
1690,Headphones,Electronics,367.58,147,2024-09-22
1691,Chair,Furniture,368.4,183,2024-07-03
1692,Cap,Clothing,39.53,153,2024-10-08
1693,Binder,Stationery,322.03,122,2024-04-19
1694,Smartwatch,Electronics,695.57,57,2024-10-07
1695,Pen Set,Stationery,272.98,56,2024-05-21
1696,Bookshelf,Furniture,344.38,19,2024-08-31
1697,Smartphone,Electronics,922.81,124,2024-02-08
1698,Desk,Furniture,661.8,150,2024-03-23
1699,Lamp,Furniture,309.65,185,2024-08-12
1700,Jacket,Clothing,150.46,116,2024-03-29
1701,T-Shirt,Clothing,137.29,53,2024-10-17
1702,Binder,Stationery,373.64,156,2024-09-05
1703,Laptop,Electronics,637.84,10,2024-10-20
1704,Calculator,Stationery,102.09,93,2024-08-24
1705,Tablet,Electronics,214.5,13,2024-03-28
1706,Binder,Stationery,39.92,57,2024-09-04
1707,Cap,Clothing,174.41,141,2024-08-06
1708,Markers,Stationery,221.53,120,2024-06-16
1709,Calculator,Stationery,301.68,191,2024-07-03
1710,Bookshelf,Furniture,796.02,166,2024-04-11
1711,Smartphone,Electronics,529.71,151,2024-04-16
1712,Jeans,Clothing,169.25,174,2024-05-28
1713,Tablet,Electronics,1163.26,26,2024-03-01
1714,Smartphone,Electronics,774.83,41,2024-01-02
1715,Smartphone,Electronics,858.78,48,2024-09-12
1716,Calculator,Stationery,213.95,124,2024-07-31
1717,Binder,Stationery,161.11,80,2024-08-11
1718,Laptop,Electronics,1029.64,25,2024-09-01
1719,Jacket,Clothing,162.66,101,2024-04-21
1720,Jacket,Clothing,91.4,105,2024-05-14
1721,Cabinet,Furniture,528.25,54,2024-05-31
1722,Pen Set,Stationery,443.88,190,2024-06-29
1723,Laptop,Electronics,572.69,153,2024-05-08
1724,Cap,Clothing,112.68,70,2024-07-11
1725,Sneakers,Clothing,149.62,70,2024-10-08
1726,Tablet,Electronics,922.93,110,2024-04-08
1727,Jacket,Clothing,147.12,53,2024-01-22
1728,Cap,Clothing,132.74,64,2024-03-05
1729,Smartphone,Electronics,779.02,152,2024-03-27
1730,Jacket,Clothing,109.43,34,2024-09-18
1731,T-Shirt,Clothing,190.58,198,2024-05-06
1732,Sneakers,Clothing,42.04,151,2024-08-22
1733,Jacket,Clothing,119.49,11,2024-03-26
1734,T-Shirt,Clothing,49.13,107,2024-08-07
1735,Cap,Clothing,70.81,59,2024-07-28
1736,Jacket,Clothing,64.44,101,2024-08-21
1737,Markers,Stationery,279.9,15,2024-08-05
1738,Binder,Stationery,179.84,199,2024-04-12
1739,Chair,Furniture,278.33,69,2024-09-27
1740,Lamp,Furniture,364.13,25,2024-01-08
1741,Lamp,Furniture,556.99,15,2024-10-16
1742,Pen Set,Stationery,257.36,92,2024-03-11
1743,Desk,Furniture,491.81,127,2024-02-03
1744,Smartwatch,Electronics,679.82,159,2024-08-23
1745,Pen Set,Stationery,79.16,99,2024-07-16
1746,Jeans,Clothing,182.87,55,2024-09-27
1747,Markers,Stationery,311.64,85,2024-08-29
1748,Desk,Furniture,301.17,189,2024-01-19
1749,Smartphone,Electronics,329.11,166,2024-08-03
1750,Chair,Furniture,523.86,78,2024-01-07
1751,Calculator,Stationery,342.62,183,2024-09-29
1752,Cap,Clothing,42.74,87,2024-09-14
1753,Cap,Clothing,194.8,192,2024-09-18
1754,Notebook,Stationery,226.63,47,2024-07-23
1755,Binder,Stationery,421.03,66,2024-10-21
1756,Binder,Stationery,182.89,88,2024-06-28
1757,Calculator,Stationery,469.43,186,2024-04-24
1758,T-Shirt,Clothing,38.18,166,2024-05-02
1759,Chair,Furniture,770.62,57,2024-08-28
1760,Smartphone,Electronics,419.06,121,2024-09-16
1761,Pen Set,Stationery,453.22,158,2024-04-16
1762,Smartphone,Electronics,268.27,104,2024-07-27
1763,Bookshelf,Furniture,128.38,18,2024-07-24
1764,Chair,Furniture,291.79,47,2024-04-10
1765,Notebook,Stationery,237.59,197,2024-06-07
1766,Smartwatch,Electronics,978.72,17,2024-10-14
1767,Jacket,Clothing,30.86,77,2024-01-12
1768,Notebook,Stationery,456.89,110,2024-10-13
1769,Tablet,Electronics,669.28,86,2024-04-24
1770,Bookshelf,Furniture,367.4,29,2024-01-13
1771,Cabinet,Furniture,645.57,178,2024-07-15
1772,Desk,Furniture,299.67,169,2024-01-17
1773,T-Shirt,Clothing,64.04,131,2024-08-05
1774,Jeans,Clothing,63.64,39,2024-09-20
1775,Laptop,Electronics,648.07,161,2024-03-26
1776,Sneakers,Clothing,198.57,173,2024-01-06
1777,Desk,Furniture,132.06,178,2024-04-24
1778,Jeans,Clothing,94.81,120,2024-06-19
1779,Lamp,Furniture,248.37,91,2024-07-19
1780,Cabinet,Furniture,487.28,114,2024-08-17
1781,Sneakers,Clothing,125.78,168,2024-03-22
1782,T-Shirt,Clothing,64.55,30,2024-06-16
1783,Markers,Stationery,186.32,77,2024-10-25
1784,Pen Set,Stationery,477.92,63,2024-05-21
1785,Notebook,Stationery,103.82,103,2024-04-27
1786,Jeans,Clothing,168.15,160,2024-08-08
1787,Jeans,Clothing,39.82,143,2024-02-20
1788,Desk,Furniture,297.66,49,2024-05-04
1789,Calculator,Stationery,150.53,77,2024-08-11
1790,Desk,Furniture,608.6,31,2024-06-07
1791,Desk,Furniture,150.85,55,2024-03-19
1792,T-Shirt,Clothing,107.9,74,2024-02-22
1793,Jacket,Clothing,174.94,171,2024-10-13
1794,Bookshelf,Furniture,352.36,165,2024-10-01
1795,Calculator,Stationery,25.91,111,2024-10-03
1796,Laptop,Electronics,357.5,10,2024-04-02
1797,Lamp,Furniture,528.18,157,2024-01-05
1798,Tablet,Electronics,424.86,152,2024-08-16
1799,Lamp,Furniture,102.68,197,2024-05-23
1800,Binder,Stationery,251.11,124,2024-02-03
1801,Jeans,Clothing,108.54,129,2024-04-07
1802,Smartwatch,Electronics,204.48,192,2024-06-02
1803,Smartwatch,Electronics,699.8,161,2024-03-27
1804,Tablet,Electronics,793.34,177,2024-02-20
1805,Headphones,Electronics,666.3,57,2024-04-17
1806,Binder,Stationery,242.89,37,2024-08-19
1807,Cabinet,Furniture,297.27,151,2024-08-05
1808,Jacket,Clothing,154.65,181,2024-04-18
1809,Jacket,Clothing,124.89,164,2024-06-19
1810,Lamp,Furniture,136.95,194,2024-07-11
1811,Tablet,Electronics,412.53,136,2024-10-13
1812,Jeans,Clothing,199.22,41,2024-05-31
1813,Pen Set,Stationery,441.17,136,2024-06-29
1814,Laptop,Electronics,363.82,102,2024-08-01
1815,Jeans,Clothing,132.88,129,2024-01-10
1816,Notebook,Stationery,100.73,43,2024-03-03
1817,Sneakers,Clothing,65.61,136,2024-01-26
1818,T-Shirt,Clothing,59.91,154,2024-05-31
1819,Calculator,Stationery,73.25,19,2024-07-14
1820,Jacket,Clothing,187.58,126,2024-10-12
1821,Laptop,Electronics,1004.34,86,2024-05-28
1822,Calculator,Stationery,18.78,179,2024-10-07
1823,Notebook,Stationery,351.08,129,2024-08-18
1824,Lamp,Furniture,269.04,142,2024-07-29
1825,Laptop,Electronics,339.99,26,2024-08-05
1826,Smartphone,Electronics,666.86,82,2024-10-08
1827,Lamp,Furniture,419.29,189,2024-07-02
1828,Jacket,Clothing,197.94,81,2024-07-15
1829,Chair,Furniture,695.39,121,2024-06-28
1830,Sneakers,Clothing,38.34,133,2024-05-25
1831,Smartphone,Electronics,492.83,146,2024-02-23
1832,Markers,Stationery,265.14,166,2024-05-29
1833,Markers,Stationery,367.99,36,2024-05-14
1834,Tablet,Electronics,1148.52,30,2024-05-09
1835,Markers,Stationery,328.69,61,2024-03-27
1836,Tablet,Electronics,300.47,200,2024-05-21
1837,T-Shirt,Clothing,83.73,134,2024-06-20
1838,Markers,Stationery,299.94,63,2024-03-03
1839,Tablet,Electronics,178.26,72,2024-02-27
1840,Smartwatch,Electronics,805.41,198,2024-04-18
1841,Binder,Stationery,269.57,145,2024-09-06
1842,Bookshelf,Furniture,325.24,28,2024-08-17
1843,Calculator,Stationery,70.5,23,2024-05-07
1844,Notebook,Stationery,180.2,169,2024-01-25
1845,Pen Set,Stationery,89.14,97,2024-03-15
1846,Pen Set,Stationery,434.35,80,2024-04-10
1847,Cabinet,Furniture,356.66,82,2024-07-22
1848,Smartphone,Electronics,409.88,140,2024-06-02
1849,Smartphone,Electronics,682.02,96,2024-06-18
1850,Tablet,Electronics,938.45,58,2024-10-13
1851,Jacket,Clothing,178.1,126,2024-05-09
1852,Jeans,Clothing,174.26,168,2024-03-07
1853,Chair,Furniture,773.56,59,2024-04-29
1854,Cap,Clothing,122.58,110,2024-03-22
1855,Markers,Stationery,379.31,164,2024-05-27
1856,Bookshelf,Furniture,609.4,100,2024-07-27
1857,Calculator,Stationery,207.4,186,2024-09-15
1858,Jacket,Clothing,109.68,145,2024-08-23
1859,T-Shirt,Clothing,44.19,28,2024-05-26
1860,Cabinet,Furniture,549.75,80,2024-06-29
1861,Lamp,Furniture,379.87,166,2024-05-25
1862,Tablet,Electronics,955.91,200,2024-02-29
1863,Jeans,Clothing,77.38,86,2024-09-16
1864,Pen Set,Stationery,413.79,118,2024-04-14
1865,Jacket,Clothing,179.35,27,2024-01-24
1866,Markers,Stationery,41.81,52,2024-06-05
1867,Laptop,Electronics,566.39,65,2024-02-17
1868,Smartphone,Electronics,1136.67,52,2024-05-18
1869,Tablet,Electronics,707.76,172,2024-04-23
1870,Smartphone,Electronics,782.37,17,2024-01-08
1871,Chair,Furniture,432.01,50,2024-07-19
1872,Tablet,Electronics,392.06,98,2024-05-03
1873,T-Shirt,Clothing,112.8,153,2024-10-08
1874,Bookshelf,Furniture,663.93,186,2024-02-05
1875,Chair,Furniture,714.94,52,2024-08-04
1876,Smartphone,Electronics,376.82,200,2024-01-07
1877,Tablet,Electronics,195.89,27,2024-06-03
1878,Smartphone,Electronics,176.71,101,2024-09-11
1879,Jeans,Clothing,39.89,53,2024-07-28
1880,Headphones,Electronics,724.35,124,2024-05-30
1881,Jeans,Clothing,100.54,89,2024-08-06
1882,Cap,Clothing,21.79,195,2024-09-29
1883,Binder,Stationery,471.27,113,2024-01-21
1884,Smartwatch,Electronics,950.71,80,2024-03-12
1885,Chair,Furniture,544.11,12,2024-01-05
1886,Calculator,Stationery,230.37,59,2024-03-11
1887,Bookshelf,Furniture,795.85,142,2024-02-05
1888,Cap,Clothing,67.47,18,2024-06-27
1889,Tablet,Electronics,1064.82,102,2024-07-20
1890,Chair,Furniture,631.97,95,2024-07-08
1891,T-Shirt,Clothing,94.57,79,2024-05-24
1892,Notebook,Stationery,314.09,151,2024-09-07
1893,Headphones,Electronics,563.16,66,2024-10-23
1894,Cap,Clothing,171.58,189,2024-02-19
1895,Notebook,Stationery,272.17,22,2024-03-29
1896,Desk,Furniture,613.27,189,2024-08-27
1897,Jeans,Clothing,173.65,181,2024-03-30
1898,Calculator,Stationery,396.57,51,2024-03-23
1899,Cabinet,Furniture,777.99,42,2024-08-11
1900,Laptop,Electronics,705.84,116,2024-03-01
1901,Cap,Clothing,82.51,142,2024-09-14
1902,Jeans,Clothing,42.15,46,2024-04-09
1903,Cap,Clothing,23.01,73,2024-03-22
1904,Bookshelf,Furniture,281.66,163,2024-06-17
1905,Pen Set,Stationery,377.64,124,2024-07-03
1906,Cabinet,Furniture,336.16,164,2024-05-09
1907,Binder,Stationery,70.89,50,2024-10-08
1908,Cabinet,Furniture,664.67,59,2024-07-30
1909,T-Shirt,Clothing,184.28,176,2024-05-05
1910,Cabinet,Furniture,207.85,185,2024-02-06
1911,Notebook,Stationery,16.46,170,2024-03-27
1912,Calculator,Stationery,118.08,65,2024-06-09
1913,Chair,Furniture,666.5,79,2024-05-14
1914,Chair,Furniture,786.33,171,2024-07-16
1915,Calculator,Stationery,390.99,32,2024-06-22
1916,Headphones,Electronics,187.55,12,2024-06-21
1917,Cap,Clothing,106.2,80,2024-03-27
1918,Markers,Stationery,403.42,82,2024-04-30
1919,Jacket,Clothing,86.3,46,2024-02-12
1920,Pen Set,Stationery,394.96,61,2024-03-13
1921,Calculator,Stationery,311.0,142,2024-10-05
1922,Jeans,Clothing,140.02,136,2024-02-12
1923,Jeans,Clothing,165.05,166,2024-02-29
1924,Tablet,Electronics,1036.21,136,2024-01-01
1925,Cap,Clothing,37.56,192,2024-10-21
1926,Desk,Furniture,689.34,126,2024-03-05
1927,Sneakers,Clothing,159.69,197,2024-01-01
1928,Jeans,Clothing,199.58,138,2024-09-13
1929,Cabinet,Furniture,113.26,66,2024-09-24
1930,Laptop,Electronics,795.9,184,2024-06-23
1931,Headphones,Electronics,1089.21,30,2024-07-31
1932,Tablet,Electronics,940.69,93,2024-08-12
1933,Laptop,Electronics,718.11,65,2024-06-10
1934,Headphones,Electronics,1011.5,119,2024-04-30
1935,T-Shirt,Clothing,53.95,54,2024-08-17
1936,Jacket,Clothing,179.67,132,2024-05-24
1937,Desk,Furniture,570.81,87,2024-09-09
1938,Markers,Stationery,21.42,23,2024-09-08
1939,Lamp,Furniture,169.86,121,2024-07-21
1940,Notebook,Stationery,462.88,150,2024-01-16
1941,Markers,Stationery,345.77,188,2024-05-23
1942,Sneakers,Clothing,91.6,19,2024-03-19
1943,Bookshelf,Furniture,207.55,76,2024-06-27
1944,Tablet,Electronics,329.52,159,2024-06-19
1945,T-Shirt,Clothing,126.73,73,2024-10-13
1946,Tablet,Electronics,894.24,109,2024-07-21
1947,Jeans,Clothing,72.91,148,2024-05-03
1948,Laptop,Electronics,556.96,12,2024-07-26
1949,Pen Set,Stationery,381.63,173,2024-04-03
1950,Lamp,Furniture,713.24,108,2024-08-15
1951,Tablet,Electronics,1138.26,149,2024-06-08
1952,Desk,Furniture,621.96,44,2024-10-03
1953,Binder,Stationery,407.72,26,2024-05-19
1954,Jeans,Clothing,21.62,189,2024-04-09
1955,Bookshelf,Furniture,362.79,146,2024-07-14
1956,Laptop,Electronics,603.77,176,2024-01-08
1957,Cap,Clothing,68.11,47,2024-09-25
1958,Desk,Furniture,110.29,108,2024-02-15
1959,Headphones,Electronics,805.53,143,2024-07-01
1960,Notebook,Stationery,369.11,142,2024-10-19
1961,Pen Set,Stationery,411.11,77,2024-09-23
1962,Lamp,Furniture,316.16,28,2024-05-28
1963,Jacket,Clothing,65.1,200,2024-10-21
1964,Chair,Furniture,191.26,76,2024-04-21
1965,T-Shirt,Clothing,48.77,138,2024-03-31
1966,Calculator,Stationery,342.97,102,2024-06-09
1967,Notebook,Stationery,64.93,173,2024-05-25
1968,Notebook,Stationery,176.5,32,2024-01-20
1969,Chair,Furniture,483.71,108,2024-07-31
1970,Desk,Furniture,652.7,62,2024-03-16
1971,Cap,Clothing,190.13,136,2024-05-19
1972,Headphones,Electronics,925.33,128,2024-01-16
1973,Cabinet,Furniture,729.43,45,2024-07-01
1974,Markers,Stationery,77.78,15,2024-05-02
1975,Lamp,Furniture,218.29,60,2024-09-12
1976,Headphones,Electronics,258.42,127,2024-06-27
1977,Notebook,Stationery,163.26,192,2024-10-14
1978,Notebook,Stationery,167.63,117,2024-07-18
1979,Tablet,Electronics,914.58,192,2024-08-28
1980,Smartwatch,Electronics,801.51,58,2024-07-24
1981,Lamp,Furniture,283.05,164,2024-06-10
1982,Calculator,Stationery,371.21,101,2024-09-23
1983,Lamp,Furniture,525.03,35,2024-10-04
1984,Notebook,Stationery,130.69,137,2024-10-22
1985,Tablet,Electronics,473.39,80,2024-08-09
1986,T-Shirt,Clothing,113.33,147,2024-08-09
1987,Calculator,Stationery,177.84,162,2024-02-16
1988,Chair,Furniture,169.76,41,2024-01-30
1989,Tablet,Electronics,868.57,79,2024-06-06
1990,Markers,Stationery,289.47,185,2024-07-23
1991,Calculator,Stationery,184.84,30,2024-07-13
1992,Binder,Stationery,183.86,145,2024-09-24
1993,Binder,Stationery,97.27,134,2024-01-14
1994,Lamp,Furniture,469.22,122,2024-09-16
1995,Notebook,Stationery,59.8,154,2024-05-21
1996,Pen Set,Stationery,300.15,37,2024-07-26
1997,Sneakers,Clothing,90.35,26,2024-04-07
1998,Desk,Furniture,121.08,139,2024-03-10
1999,Bookshelf,Furniture,151.02,127,2024-05-30
2000,Desk,Furniture,306.14,115,2024-02-25
2001,Calculator,Stationery,137.3,184,2024-07-12
2002,Headphones,Electronics,750.92,36,2024-06-23
2003,Cabinet,Furniture,432.49,97,2024-07-27
2004,Jeans,Clothing,100.5,114,2024-08-31
2005,Chair,Furniture,546.44,138,2024-03-28
2006,Desk,Furniture,670.69,132,2024-05-24
2007,Cabinet,Furniture,373.15,32,2024-06-08
2008,Tablet,Electronics,168.5,64,2024-07-14
2009,Binder,Stationery,263.09,175,2024-02-03
2010,Sneakers,Clothing,191.15,115,2024-02-16
2011,Pen Set,Stationery,455.72,74,2024-08-11
2012,Cap,Clothing,157.89,48,2024-05-15
2013,Pen Set,Stationery,371.77,82,2024-10-07
2014,T-Shirt,Clothing,114.83,110,2024-01-18
2015,Tablet,Electronics,882.83,198,2024-02-22
2016,Binder,Stationery,174.85,83,2024-09-11
2017,Smartphone,Electronics,483.4,178,2024-08-08
2018,Markers,Stationery,322.29,161,2024-10-21
2019,Markers,Stationery,176.83,184,2024-10-17
2020,Cabinet,Furniture,469.76,110,2024-01-20
2021,Lamp,Furniture,533.84,104,2024-08-22
2022,Desk,Furniture,435.76,114,2024-08-15
2023,Pen Set,Stationery,57.24,184,2024-09-19
2024,Lamp,Furniture,698.43,189,2024-01-15
2025,Sneakers,Clothing,76.49,21,2024-10-22
2026,Binder,Stationery,292.91,140,2024-10-19
2027,Headphones,Electronics,1128.08,99,2024-10-07
2028,T-Shirt,Clothing,149.55,151,2024-08-07
2029,Pen Set,Stationery,57.14,141,2024-02-16
2030,Chair,Furniture,536.94,92,2024-09-16
2031,Chair,Furniture,577.46,21,2024-05-18
2032,Markers,Stationery,402.43,67,2024-06-21
2033,Desk,Furniture,537.94,139,2024-02-03
2034,Pen Set,Stationery,40.15,18,2024-04-04
2035,Bookshelf,Furniture,416.87,29,2024-07-21
2036,T-Shirt,Clothing,187.03,67,2024-04-02
2037,Markers,Stationery,50.76,70,2024-03-27
2038,Binder,Stationery,43.18,182,2024-04-10
2039,Desk,Furniture,398.5,151,2024-08-11
2040,Cap,Clothing,137.34,79,2024-02-04
2041,Jeans,Clothing,158.64,193,2024-10-15
2042,Markers,Stationery,382.04,49,2024-02-04
2043,Desk,Furniture,319.28,163,2024-01-28
2044,Cap,Clothing,179.21,111,2024-09-28
2045,T-Shirt,Clothing,172.3,197,2024-08-12
2046,Smartwatch,Electronics,270.65,37,2024-01-07
2047,Smartwatch,Electronics,694.89,76,2024-02-04
2048,Sneakers,Clothing,140.52,152,2024-08-10
2049,Markers,Stationery,484.83,53,2024-02-08
2050,Cap,Clothing,162.73,192,2024-07-04
2051,Cap,Clothing,52.61,136,2024-04-23
2052,Markers,Stationery,217.89,146,2024-06-09
2053,Calculator,Stationery,418.16,112,2024-06-16
2054,Smartphone,Electronics,635.34,173,2024-08-07
2055,Lamp,Furniture,341.23,186,2024-06-18
2056,T-Shirt,Clothing,183.57,43,2024-08-22
2057,Notebook,Stationery,401.74,193,2024-01-02
2058,Cabinet,Furniture,108.51,10,2024-05-20
2059,Lamp,Furniture,267.41,132,2024-01-17
2060,Binder,Stationery,129.95,167,2024-08-24
2061,Laptop,Electronics,1011.27,92,2024-02-01
2062,Binder,Stationery,335.96,67,2024-08-04
2063,Chair,Furniture,711.39,126,2024-01-24
2064,Smartwatch,Electronics,538.13,142,2024-09-15
2065,T-Shirt,Clothing,102.08,116,2024-05-24
2066,Headphones,Electronics,916.89,73,2024-07-01
2067,Jacket,Clothing,161.93,145,2024-04-16
2068,Smartwatch,Electronics,912.57,96,2024-02-12
2069,Cabinet,Furniture,434.33,19,2024-06-06
2070,T-Shirt,Clothing,131.96,75,2024-10-27
2071,Laptop,Electronics,433.82,116,2024-05-28
2072,Binder,Stationery,24.46,151,2024-06-29
2073,Headphones,Electronics,363.15,125,2024-07-27
2074,Notebook,Stationery,283.45,152,2024-03-15
2075,Pen Set,Stationery,305.63,200,2024-08-01
2076,Binder,Stationery,490.87,152,2024-06-19
2077,Pen Set,Stationery,363.53,159,2024-05-01
2078,Chair,Furniture,343.6,148,2024-05-28
2079,Laptop,Electronics,918.87,85,2024-01-28
2080,T-Shirt,Clothing,25.02,36,2024-01-04
2081,Markers,Stationery,313.54,120,2024-02-25
2082,Laptop,Electronics,637.8,121,2024-09-25
2083,Notebook,Stationery,344.69,52,2024-02-13
2084,Laptop,Electronics,993.82,68,2024-07-14
2085,Jeans,Clothing,91.02,136,2024-09-18
2086,Cap,Clothing,136.52,108,2024-07-24
2087,Laptop,Electronics,475.11,27,2024-10-16
2088,Lamp,Furniture,784.15,186,2024-01-10
2089,Markers,Stationery,204.28,83,2024-06-26
2090,Desk,Furniture,459.62,27,2024-03-30
2091,Calculator,Stationery,62.6,69,2024-01-07
2092,Smartphone,Electronics,1141.03,49,2024-02-14
2093,T-Shirt,Clothing,152.68,67,2024-09-19
2094,Jacket,Clothing,75.47,12,2024-09-06
2095,Smartwatch,Electronics,798.68,177,2024-10-19
2096,Cap,Clothing,146.45,18,2024-06-18
2097,Laptop,Electronics,252.8,88,2024-10-13
2098,Jeans,Clothing,72.74,122,2024-10-11
2099,Jacket,Clothing,21.26,25,2024-07-09
2100,Bookshelf,Furniture,735.64,104,2024-01-24
2101,Smartwatch,Electronics,662.01,37,2024-08-20
2102,Jacket,Clothing,40.81,134,2024-03-13
2103,Pen Set,Stationery,68.81,43,2024-05-03
2104,Lamp,Furniture,316.44,115,2024-02-13
2105,T-Shirt,Clothing,196.63,98,2024-02-10
2106,Headphones,Electronics,1188.08,161,2024-10-26
2107,Cap,Clothing,137.88,40,2024-02-01
2108,Pen Set,Stationery,66.69,85,2024-10-05
2109,Tablet,Electronics,779.23,134,2024-09-21
2110,Smartphone,Electronics,242.3,163,2024-01-17
2111,Sneakers,Clothing,28.54,117,2024-06-19
2112,Notebook,Stationery,265.91,113,2024-03-07
2113,Jacket,Clothing,177.77,125,2024-10-01
2114,Pen Set,Stationery,347.6,22,2024-03-26
2115,Desk,Furniture,578.29,50,2024-03-21
2116,Calculator,Stationery,117.62,20,2024-06-03
2117,Binder,Stationery,123.15,99,2024-09-01
2118,Desk,Furniture,525.39,34,2024-09-18
2119,Smartphone,Electronics,370.12,70,2024-09-06
2120,Jacket,Clothing,122.94,114,2024-03-12
2121,Bookshelf,Furniture,540.4,118,2024-08-06
2122,Cabinet,Furniture,689.61,125,2024-01-31
2123,Cap,Clothing,198.99,121,2024-08-16
2124,Smartphone,Electronics,153.16,63,2024-06-20
2125,T-Shirt,Clothing,143.95,41,2024-03-28
2126,Sneakers,Clothing,91.37,19,2024-01-09
2127,Markers,Stationery,452.74,147,2024-05-18
2128,Desk,Furniture,349.52,196,2024-10-17
2129,Sneakers,Clothing,182.11,167,2024-06-02
2130,Cabinet,Furniture,557.05,182,2024-02-05
2131,Jacket,Clothing,140.5,169,2024-07-21
2132,Binder,Stationery,156.96,38,2024-10-08
2133,Calculator,Stationery,287.66,109,2024-06-21
2134,Cabinet,Furniture,160.05,51,2024-04-07
2135,Chair,Furniture,475.93,13,2024-08-14
2136,Notebook,Stationery,102.42,95,2024-01-07
2137,T-Shirt,Clothing,162.3,93,2024-03-17
2138,Bookshelf,Furniture,238.99,30,2024-05-08
2139,Cabinet,Furniture,505.8,93,2024-08-24
2140,Tablet,Electronics,916.0,72,2024-03-14
2141,Smartphone,Electronics,728.23,98,2024-02-26
2142,T-Shirt,Clothing,92.53,174,2024-08-10
2143,Jacket,Clothing,29.23,173,2024-04-08
2144,Bookshelf,Furniture,366.08,132,2024-04-03
2145,Desk,Furniture,180.9,156,2024-06-30
2146,Markers,Stationery,336.95,164,2024-06-21
2147,Cap,Clothing,97.21,130,2024-04-05
2148,Desk,Furniture,736.32,164,2024-08-05
2149,Cap,Clothing,149.77,97,2024-04-08
2150,Calculator,Stationery,84.28,42,2024-09-28
2151,Desk,Furniture,403.45,38,2024-04-26
2152,Smartwatch,Electronics,400.2,57,2024-09-29
2153,Smartphone,Electronics,527.74,164,2024-05-16
2154,Smartphone,Electronics,315.64,184,2024-01-28
2155,Chair,Furniture,685.81,28,2024-04-25
2156,Bookshelf,Furniture,626.8,59,2024-07-27
2157,Tablet,Electronics,292.62,82,2024-10-18
2158,Desk,Furniture,216.53,157,2024-06-26
2159,Markers,Stationery,357.74,171,2024-09-28
2160,Laptop,Electronics,588.23,182,2024-05-29
2161,Markers,Stationery,204.02,69,2024-05-25
2162,Smartwatch,Electronics,268.73,71,2024-03-24
2163,Calculator,Stationery,417.42,46,2024-09-19
2164,Cap,Clothing,130.26,186,2024-02-13
2165,Bookshelf,Furniture,514.78,37,2024-07-30
2166,Markers,Stationery,452.13,123,2024-08-24
2167,Markers,Stationery,90.27,45,2024-02-27
2168,Cabinet,Furniture,211.75,81,2024-10-20
2169,Lamp,Furniture,797.72,116,2024-07-26
2170,Smartwatch,Electronics,306.92,191,2024-02-14
2171,Notebook,Stationery,483.73,79,2024-10-14
2172,Jacket,Clothing,92.55,129,2024-03-31
2173,Cabinet,Furniture,534.73,23,2024-07-20
2174,T-Shirt,Clothing,136.78,151,2024-02-04
2175,Binder,Stationery,107.7,45,2024-08-07
2176,Markers,Stationery,395.11,54,2024-01-19
2177,Laptop,Electronics,1097.05,139,2024-02-07
2178,Smartphone,Electronics,821.15,180,2024-02-03
2179,Binder,Stationery,278.0,114,2024-03-28
2180,Calculator,Stationery,28.31,116,2024-06-09
2181,Bookshelf,Furniture,329.18,71,2024-08-09
2182,Lamp,Furniture,689.23,25,2024-05-15
2183,Desk,Furniture,374.48,99,2024-04-02
2184,Bookshelf,Furniture,178.13,136,2024-05-01
2185,Desk,Furniture,240.0,183,2024-05-26
2186,Jeans,Clothing,23.53,27,2024-02-22
2187,Cabinet,Furniture,259.66,194,2024-06-20
2188,Smartphone,Electronics,789.89,199,2024-05-29
2189,Jacket,Clothing,176.59,143,2024-05-08
2190,Calculator,Stationery,380.9,128,2024-03-11
2191,Notebook,Stationery,97.36,136,2024-10-07
2192,Headphones,Electronics,599.45,187,2024-06-01
2193,Jeans,Clothing,112.15,144,2024-03-13
2194,Calculator,Stationery,455.61,134,2024-06-08
2195,Calculator,Stationery,183.63,45,2024-08-15
2196,Headphones,Electronics,657.84,169,2024-02-18
2197,Binder,Stationery,297.47,117,2024-06-25
2198,Markers,Stationery,427.35,46,2024-04-27
2199,Calculator,Stationery,21.69,176,2024-03-18
2200,Cap,Clothing,177.72,83,2024-09-09
2201,Jeans,Clothing,97.24,76,2024-03-10
2202,Jacket,Clothing,87.53,189,2024-05-16
2203,Tablet,Electronics,562.79,118,2024-05-21
2204,Chair,Furniture,491.4,148,2024-03-11
2205,Sneakers,Clothing,185.46,51,2024-01-24
2206,Cabinet,Furniture,454.86,52,2024-01-23
2207,Binder,Stationery,15.66,112,2024-10-24
2208,T-Shirt,Clothing,99.9,138,2024-02-08
2209,Cabinet,Furniture,238.69,153,2024-09-30
2210,Jeans,Clothing,37.04,167,2024-04-08
2211,Markers,Stationery,172.56,141,2024-07-24
2212,Sneakers,Clothing,34.55,92,2024-08-31
2213,Calculator,Stationery,101.24,112,2024-01-04
2214,Jacket,Clothing,50.98,133,2024-09-07
2215,Desk,Furniture,423.69,98,2024-09-24
2216,Cap,Clothing,66.78,82,2024-06-11
2217,Smartwatch,Electronics,428.83,133,2024-10-01
2218,Jeans,Clothing,126.39,64,2024-10-09
2219,T-Shirt,Clothing,70.71,70,2024-06-15
2220,Binder,Stationery,311.87,138,2024-05-08
2221,Smartphone,Electronics,469.84,54,2024-09-14
2222,Bookshelf,Furniture,171.84,46,2024-09-04
2223,Cabinet,Furniture,484.13,23,2024-08-10
2224,Sneakers,Clothing,39.12,155,2024-06-08
2225,Cabinet,Furniture,579.22,181,2024-08-20
2226,Smartphone,Electronics,616.38,130,2024-09-06
2227,Laptop,Electronics,618.99,113,2024-01-20
2228,Cap,Clothing,193.81,167,2024-07-29
2229,Cabinet,Furniture,224.4,45,2024-05-05
2230,Bookshelf,Furniture,545.82,73,2024-09-11
2231,Laptop,Electronics,203.67,95,2024-06-08
2232,Laptop,Electronics,735.09,96,2024-01-10
2233,Calculator,Stationery,154.21,70,2024-03-19
2234,Binder,Stationery,101.25,12,2024-07-24
2235,Chair,Furniture,382.89,52,2024-05-02
2236,Sneakers,Clothing,74.07,124,2024-09-19
2237,Cabinet,Furniture,681.65,21,2024-01-11
2238,Cabinet,Furniture,696.84,66,2024-08-08
2239,Lamp,Furniture,128.04,108,2024-05-09
2240,Lamp,Furniture,109.69,32,2024-09-12
2241,Smartwatch,Electronics,194.98,192,2024-02-28
2242,Smartwatch,Electronics,874.37,120,2024-07-31
2243,Desk,Furniture,167.16,59,2024-01-13
2244,Binder,Stationery,180.81,43,2024-05-08
2245,Pen Set,Stationery,305.79,120,2024-06-03
2246,Pen Set,Stationery,267.47,37,2024-05-06
2247,Tablet,Electronics,902.92,53,2024-01-02
2248,Desk,Furniture,151.32,87,2024-08-26
2249,Jacket,Clothing,171.6,128,2024-02-09
2250,Headphones,Electronics,861.69,165,2024-10-04
2251,Jeans,Clothing,172.54,101,2024-04-03
2252,Headphones,Electronics,654.18,153,2024-05-24
2253,Calculator,Stationery,451.65,133,2024-05-26
2254,T-Shirt,Clothing,56.94,83,2024-03-20
2255,Cabinet,Furniture,733.47,63,2024-02-11
2256,Cap,Clothing,120.45,32,2024-06-18
2257,Smartphone,Electronics,707.56,43,2024-08-22
2258,Notebook,Stationery,46.76,15,2024-07-25
2259,Jeans,Clothing,80.04,125,2024-02-04
2260,Markers,Stationery,352.55,78,2024-04-21
2261,Headphones,Electronics,845.45,109,2024-02-26
2262,Lamp,Furniture,469.36,81,2024-07-24
2263,Sneakers,Clothing,169.28,191,2024-09-26
2264,Pen Set,Stationery,120.83,20,2024-03-18
2265,Jeans,Clothing,161.52,181,2024-01-30
2266,Smartwatch,Electronics,344.62,171,2024-09-27
2267,Bookshelf,Furniture,496.06,159,2024-10-17
2268,Sneakers,Clothing,71.19,35,2024-06-23
2269,Calculator,Stationery,57.01,167,2024-04-02
2270,Desk,Furniture,749.22,114,2024-04-29
2271,Cabinet,Furniture,751.62,105,2024-02-01
2272,Cap,Clothing,97.11,80,2024-04-20
2273,Bookshelf,Furniture,384.52,109,2024-02-27
2274,Headphones,Electronics,1085.63,195,2024-01-30
2275,Jeans,Clothing,36.45,149,2024-03-06
2276,Pen Set,Stationery,48.08,58,2024-05-25
2277,Calculator,Stationery,369.39,30,2024-04-27
2278,Desk,Furniture,254.8,173,2024-07-29
2279,Headphones,Electronics,1023.72,194,2024-07-16
2280,Tablet,Electronics,227.02,164,2024-03-28
2281,Calculator,Stationery,248.34,114,2024-05-23
2282,Cabinet,Furniture,133.9,115,2024-02-24
2283,Desk,Furniture,614.41,185,2024-06-10
2284,T-Shirt,Clothing,33.96,93,2024-08-06
2285,Pen Set,Stationery,52.46,53,2024-08-12
2286,Tablet,Electronics,968.49,88,2024-08-20
2287,Cap,Clothing,74.54,195,2024-03-21
2288,Headphones,Electronics,1112.58,69,2024-03-25
2289,Jacket,Clothing,28.36,104,2024-08-18
2290,Lamp,Furniture,730.09,141,2024-02-14
2291,Markers,Stationery,443.52,199,2024-06-13
2292,Cabinet,Furniture,454.41,158,2024-06-07
2293,Sneakers,Clothing,71.59,90,2024-07-01
2294,Markers,Stationery,277.0,108,2024-07-11
2295,Notebook,Stationery,81.24,117,2024-05-20
2296,Headphones,Electronics,294.87,101,2024-02-25
2297,Jeans,Clothing,46.01,122,2024-03-01
2298,Sneakers,Clothing,84.06,40,2024-08-31
2299,Chair,Furniture,792.41,147,2024-05-17
2300,Chair,Furniture,329.42,118,2024-02-09
2301,Bookshelf,Furniture,598.07,104,2024-07-16
2302,Lamp,Furniture,696.24,33,2024-01-01
2303,Lamp,Furniture,213.76,166,2024-10-08
2304,Cap,Clothing,128.31,22,2024-04-11
2305,Calculator,Stationery,99.8,173,2024-04-08
2306,Lamp,Furniture,636.67,86,2024-06-28
2307,Cap,Clothing,32.65,92,2024-05-12
2308,T-Shirt,Clothing,169.56,153,2024-02-08
2309,Jeans,Clothing,116.15,108,2024-01-11
2310,Calculator,Stationery,122.51,167,2024-02-16
2311,Sneakers,Clothing,29.25,55,2024-06-05
2312,Laptop,Electronics,285.32,60,2024-08-09
2313,Pen Set,Stationery,296.56,85,2024-10-26
2314,Calculator,Stationery,17.97,142,2024-06-16
2315,Binder,Stationery,315.94,199,2024-10-21
2316,Pen Set,Stationery,291.44,155,2024-08-04
2317,Chair,Furniture,502.62,59,2024-03-14
2318,Jeans,Clothing,104.38,48,2024-03-12
2319,Lamp,Furniture,434.08,190,2024-01-12
2320,Pen Set,Stationery,131.35,189,2024-04-23
2321,Binder,Stationery,316.06,21,2024-03-31
2322,Cap,Clothing,34.09,195,2024-07-26
2323,Cabinet,Furniture,565.6,64,2024-04-09
2324,Smartwatch,Electronics,1126.46,35,2024-02-05
2325,Jeans,Clothing,26.14,143,2024-04-25
2326,Cap,Clothing,29.41,26,2024-03-21
2327,Headphones,Electronics,887.74,62,2024-03-16
2328,Laptop,Electronics,498.59,87,2024-09-29
2329,Cabinet,Furniture,164.05,138,2024-09-14
2330,Jacket,Clothing,196.87,82,2024-01-27
2331,Jeans,Clothing,71.04,112,2024-07-24
2332,Tablet,Electronics,952.65,85,2024-09-09
2333,Calculator,Stationery,168.14,93,2024-02-04
2334,Jacket,Clothing,182.68,157,2024-06-11
2335,Headphones,Electronics,274.91,22,2024-02-20
2336,Jacket,Clothing,66.86,156,2024-07-25
2337,Markers,Stationery,496.29,47,2024-05-06
2338,Smartwatch,Electronics,1155.76,158,2024-06-11
2339,Markers,Stationery,148.76,32,2024-09-24
2340,Tablet,Electronics,176.04,141,2024-03-02
2341,Laptop,Electronics,885.41,14,2024-04-13
2342,Laptop,Electronics,343.39,110,2024-01-30
2343,T-Shirt,Clothing,31.97,160,2024-09-27
2344,Smartphone,Electronics,520.92,101,2024-09-24
2345,Headphones,Electronics,493.52,122,2024-04-05
2346,T-Shirt,Clothing,93.67,10,2024-08-21
2347,Chair,Furniture,315.63,101,2024-06-17
2348,Pen Set,Stationery,272.96,176,2024-02-04
2349,Binder,Stationery,31.06,52,2024-10-15
2350,T-Shirt,Clothing,110.15,20,2024-01-03
2351,Markers,Stationery,27.02,118,2024-02-21
2352,T-Shirt,Clothing,121.95,150,2024-04-10
2353,Calculator,Stationery,393.99,16,2024-06-18
2354,Cabinet,Furniture,513.46,188,2024-09-06
2355,T-Shirt,Clothing,158.21,150,2024-05-10
2356,Smartphone,Electronics,1136.88,83,2024-09-16
2357,Pen Set,Stationery,128.92,36,2024-04-11
2358,Jacket,Clothing,23.16,192,2024-09-22
2359,Cabinet,Furniture,744.86,128,2024-10-18
2360,Calculator,Stationery,374.79,186,2024-04-28
2361,Pen Set,Stationery,127.87,86,2024-04-05
2362,Pen Set,Stationery,154.22,186,2024-09-29
2363,T-Shirt,Clothing,130.43,164,2024-02-19
2364,Markers,Stationery,279.63,25,2024-08-05
2365,Binder,Stationery,271.45,129,2024-03-14
2366,Cabinet,Furniture,679.09,76,2024-06-06
2367,Chair,Furniture,158.71,193,2024-06-26
2368,Calculator,Stationery,290.37,137,2024-10-04
2369,Jeans,Clothing,102.83,111,2024-09-11
2370,Headphones,Electronics,237.53,95,2024-08-07
2371,Laptop,Electronics,358.26,69,2024-03-14
2372,Headphones,Electronics,515.32,53,2024-03-26
2373,Headphones,Electronics,743.81,88,2024-02-11
2374,Bookshelf,Furniture,155.73,43,2024-05-07
2375,Lamp,Furniture,106.65,127,2024-07-13
2376,Binder,Stationery,73.97,34,2024-02-16
2377,Calculator,Stationery,481.3,191,2024-03-21
2378,Sneakers,Clothing,109.27,75,2024-09-16
2379,Smartphone,Electronics,1005.6,195,2024-08-24
2380,Calculator,Stationery,65.65,164,2024-04-23
2381,Lamp,Furniture,305.59,102,2024-05-25
2382,Markers,Stationery,374.64,161,2024-10-11
2383,Lamp,Furniture,665.48,105,2024-04-11
2384,Jeans,Clothing,137.43,181,2024-09-20
2385,Jeans,Clothing,39.01,25,2024-02-26
2386,Headphones,Electronics,874.83,87,2024-08-22
2387,Cap,Clothing,31.05,79,2024-05-30
2388,Binder,Stationery,427.7,17,2024-07-17
2389,Notebook,Stationery,167.75,53,2024-01-15
2390,Headphones,Electronics,1050.24,104,2024-10-22
2391,Lamp,Furniture,215.64,121,2024-03-06
2392,Pen Set,Stationery,225.59,45,2024-07-02
2393,Markers,Stationery,485.31,179,2024-09-23
2394,Headphones,Electronics,643.9,52,2024-10-12
2395,Jacket,Clothing,169.09,113,2024-08-12
2396,T-Shirt,Clothing,142.77,55,2024-09-20
2397,Headphones,Electronics,910.7,147,2024-07-19
2398,Smartphone,Electronics,799.82,10,2024-07-26
2399,Jacket,Clothing,186.93,21,2024-10-13
2400,Headphones,Electronics,425.19,99,2024-01-06
2401,Lamp,Furniture,288.44,47,2024-03-09
2402,T-Shirt,Clothing,182.82,17,2024-01-06
2403,Jeans,Clothing,129.11,155,2024-10-15
2404,Smartwatch,Electronics,524.88,175,2024-08-29
2405,Notebook,Stationery,22.47,79,2024-09-02
2406,Jacket,Clothing,71.45,152,2024-09-28
2407,Cap,Clothing,142.06,150,2024-10-19
2408,Binder,Stationery,418.76,78,2024-06-19
2409,Tablet,Electronics,513.04,29,2024-04-08
2410,Lamp,Furniture,635.55,113,2024-04-07
2411,Jacket,Clothing,137.18,174,2024-05-15
2412,Tablet,Electronics,346.05,68,2024-10-16
2413,Desk,Furniture,242.71,97,2024-05-22
2414,Cabinet,Furniture,208.23,98,2024-07-11
2415,Lamp,Furniture,647.69,122,2024-03-20
2416,Markers,Stationery,377.96,19,2024-01-05
2417,Lamp,Furniture,436.96,162,2024-09-15
2418,Markers,Stationery,270.29,108,2024-08-29
2419,Jeans,Clothing,62.33,59,2024-01-02
2420,Headphones,Electronics,1020.16,34,2024-10-21
2421,Smartwatch,Electronics,219.06,64,2024-08-13
2422,Pen Set,Stationery,392.59,85,2024-10-26
2423,Smartphone,Electronics,1190.5,162,2024-10-05
2424,Tablet,Electronics,887.96,171,2024-06-26
2425,Headphones,Electronics,1103.68,158,2024-08-30
2426,Binder,Stationery,113.63,87,2024-04-10
2427,Jeans,Clothing,129.48,37,2024-03-28
2428,Tablet,Electronics,317.18,86,2024-09-20
2429,Chair,Furniture,654.53,118,2024-02-14
2430,Desk,Furniture,535.2,43,2024-01-20
2431,Calculator,Stationery,338.37,138,2024-02-22
2432,Binder,Stationery,22.91,39,2024-06-28
2433,Smartwatch,Electronics,930.34,173,2024-04-23
2434,Chair,Furniture,463.1,41,2024-09-15
2435,Headphones,Electronics,707.82,157,2024-03-15
2436,Bookshelf,Furniture,144.62,63,2024-03-13
2437,Cabinet,Furniture,171.38,170,2024-08-04
2438,Jacket,Clothing,175.65,76,2024-03-27
2439,T-Shirt,Clothing,63.5,178,2024-02-07
2440,Desk,Furniture,177.3,55,2024-02-04
2441,Jacket,Clothing,47.38,27,2024-08-01
2442,Sneakers,Clothing,169.78,50,2024-08-21
2443,Jeans,Clothing,29.5,196,2024-07-09
2444,Tablet,Electronics,588.62,93,2024-03-17
2445,Laptop,Electronics,1067.54,175,2024-06-18
2446,Pen Set,Stationery,455.69,83,2024-01-09
2447,Calculator,Stationery,209.12,72,2024-01-17
2448,Calculator,Stationery,43.18,124,2024-09-23
2449,Markers,Stationery,232.98,128,2024-02-07
2450,Desk,Furniture,750.82,100,2024-06-04
2451,Lamp,Furniture,702.18,110,2024-02-09
2452,Lamp,Furniture,549.83,150,2024-09-30
2453,Headphones,Electronics,256.48,94,2024-10-03
2454,Smartphone,Electronics,886.92,145,2024-07-25
2455,Jeans,Clothing,37.9,199,2024-09-23
2456,Cabinet,Furniture,647.29,98,2024-02-25
2457,Smartphone,Electronics,261.34,77,2024-06-14
2458,Pen Set,Stationery,495.19,61,2024-10-16
2459,T-Shirt,Clothing,151.65,168,2024-09-16
2460,Smartwatch,Electronics,370.43,96,2024-08-21
2461,Jacket,Clothing,66.26,27,2024-04-27
2462,Chair,Furniture,541.11,60,2024-02-18
2463,Laptop,Electronics,833.43,174,2024-01-18
2464,Lamp,Furniture,150.24,47,2024-03-02
2465,Sneakers,Clothing,63.65,127,2024-08-21
2466,Smartwatch,Electronics,922.99,10,2024-10-12
2467,Smartphone,Electronics,277.69,93,2024-04-01
2468,Calculator,Stationery,293.39,22,2024-06-16
2469,Laptop,Electronics,368.2,96,2024-08-26
2470,T-Shirt,Clothing,92.62,162,2024-02-24
2471,Desk,Furniture,243.98,98,2024-09-09
2472,Bookshelf,Furniture,522.57,11,2024-06-12
2473,Cap,Clothing,104.95,142,2024-03-24
2474,Bookshelf,Furniture,793.39,39,2024-08-07
2475,Calculator,Stationery,245.78,149,2024-05-27
2476,T-Shirt,Clothing,52.63,14,2024-07-03
2477,Bookshelf,Furniture,199.95,58,2024-01-18
2478,Cabinet,Furniture,429.89,147,2024-06-11
2479,T-Shirt,Clothing,160.51,110,2024-03-18
2480,Cabinet,Furniture,248.72,119,2024-07-13
2481,Chair,Furniture,133.8,19,2024-08-04
2482,Calculator,Stationery,281.63,137,2024-04-24
2483,Laptop,Electronics,412.78,22,2024-08-13
2484,Smartwatch,Electronics,711.37,177,2024-08-28
2485,Bookshelf,Furniture,739.15,56,2024-09-04
2486,T-Shirt,Clothing,46.66,182,2024-09-16
2487,Tablet,Electronics,600.01,29,2024-08-15
2488,Cabinet,Furniture,254.21,52,2024-06-03
2489,Smartwatch,Electronics,1056.73,177,2024-04-22
2490,Smartwatch,Electronics,797.98,58,2024-09-05
2491,Jeans,Clothing,71.63,101,2024-07-01
2492,Smartwatch,Electronics,1071.93,185,2024-10-05
2493,Bookshelf,Furniture,348.16,166,2024-08-26
2494,Markers,Stationery,97.07,101,2024-01-06
2495,T-Shirt,Clothing,33.23,92,2024-06-13
2496,Calculator,Stationery,30.84,45,2024-03-12
2497,Jeans,Clothing,85.72,90,2024-10-11
2498,T-Shirt,Clothing,104.33,132,2024-01-31
2499,Bookshelf,Furniture,562.19,72,2024-10-08
2500,Pen Set,Stationery,144.33,186,2024-09-27
2501,Binder,Stationery,432.99,130,2024-06-27
2502,Markers,Stationery,446.04,42,2024-10-13
2503,Smartphone,Electronics,527.94,60,2024-02-08
2504,Tablet,Electronics,924.63,19,2024-08-21
2505,Pen Set,Stationery,480.97,153,2024-10-02
2506,Laptop,Electronics,1192.97,84,2024-01-15
2507,Tablet,Electronics,856.69,152,2024-10-07
2508,Markers,Stationery,273.09,29,2024-09-06
2509,Markers,Stationery,311.02,44,2024-08-26
2510,Sneakers,Clothing,178.13,92,2024-02-07
2511,Binder,Stationery,224.27,184,2024-07-11
2512,Smartphone,Electronics,220.88,86,2024-03-17
2513,Smartphone,Electronics,312.07,22,2024-06-09
2514,Pen Set,Stationery,92.64,60,2024-07-22
2515,Desk,Furniture,576.74,41,2024-08-12
2516,Cabinet,Furniture,674.79,150,2024-03-27
2517,Headphones,Electronics,1034.17,105,2024-02-13
2518,Sneakers,Clothing,28.36,46,2024-03-21
2519,Smartphone,Electronics,661.69,127,2024-03-15
2520,Jeans,Clothing,198.12,29,2024-09-01
2521,Cabinet,Furniture,180.35,85,2024-07-07
2522,Pen Set,Stationery,238.32,42,2024-03-17
2523,Laptop,Electronics,241.2,166,2024-06-09
2524,Jeans,Clothing,115.94,33,2024-05-02
2525,Jacket,Clothing,104.61,95,2024-10-17
2526,Pen Set,Stationery,204.06,144,2024-07-01
2527,Calculator,Stationery,473.03,58,2024-08-05
2528,Laptop,Electronics,390.63,126,2024-06-22
2529,Smartphone,Electronics,612.0,86,2024-06-30
2530,Pen Set,Stationery,480.09,195,2024-03-13
2531,Bookshelf,Furniture,627.39,34,2024-08-19
2532,Sneakers,Clothing,84.1,43,2024-09-14
2533,Markers,Stationery,379.5,133,2024-03-08
2534,Jeans,Clothing,115.43,97,2024-06-12
2535,Bookshelf,Furniture,543.22,161,2024-03-11
2536,Pen Set,Stationery,347.36,71,2024-05-07
2537,Bookshelf,Furniture,501.12,24,2024-10-08
2538,Cap,Clothing,22.31,34,2024-05-13
2539,Desk,Furniture,134.53,36,2024-08-10
2540,Cap,Clothing,28.18,38,2024-03-10
2541,Smartphone,Electronics,322.74,82,2024-06-11
2542,Markers,Stationery,194.1,107,2024-04-06
2543,T-Shirt,Clothing,98.57,67,2024-09-23
2544,Smartphone,Electronics,378.82,35,2024-09-15
2545,Jacket,Clothing,112.83,118,2024-08-10
2546,Notebook,Stationery,452.44,166,2024-08-13
2547,Pen Set,Stationery,149.77,181,2024-08-02
2548,Headphones,Electronics,1106.43,153,2024-09-20
2549,Jeans,Clothing,141.27,177,2024-09-07
2550,Laptop,Electronics,913.93,180,2024-03-17
2551,Jeans,Clothing,109.07,180,2024-02-09
2552,Headphones,Electronics,892.57,173,2024-10-15
2553,Bookshelf,Furniture,612.99,145,2024-04-27
2554,Sneakers,Clothing,47.62,17,2024-03-14
2555,Headphones,Electronics,643.2,86,2024-07-04
2556,Notebook,Stationery,488.4,95,2024-08-07
2557,Smartwatch,Electronics,682.94,127,2024-06-20
2558,Desk,Furniture,121.29,20,2024-10-26
2559,Notebook,Stationery,273.53,182,2024-09-29
2560,Headphones,Electronics,383.62,92,2024-01-19
2561,Tablet,Electronics,1119.26,109,2024-07-28
2562,Pen Set,Stationery,202.2,111,2024-04-27
2563,Calculator,Stationery,243.97,66,2024-01-27
2564,Notebook,Stationery,337.83,91,2024-07-19
2565,Cap,Clothing,96.61,168,2024-10-14
2566,Headphones,Electronics,681.74,71,2024-03-04
2567,Chair,Furniture,407.82,174,2024-04-03
2568,Sneakers,Clothing,69.4,10,2024-03-31
2569,Calculator,Stationery,377.68,166,2024-09-27
2570,Pen Set,Stationery,44.45,190,2024-05-15
2571,Cabinet,Furniture,121.86,23,2024-03-12
2572,Cap,Clothing,157.32,177,2024-04-22
2573,T-Shirt,Clothing,56.99,109,2024-05-01
2574,Cabinet,Furniture,233.12,152,2024-08-27
2575,Desk,Furniture,371.69,197,2024-06-08
2576,Jeans,Clothing,81.98,75,2024-01-07
2577,Notebook,Stationery,467.29,103,2024-04-26
2578,Chair,Furniture,423.94,117,2024-09-19
2579,Bookshelf,Furniture,540.9,40,2024-08-08
2580,Calculator,Stationery,323.06,138,2024-08-12
2581,Pen Set,Stationery,272.15,76,2024-04-08
2582,Cabinet,Furniture,706.83,112,2024-01-14
2583,Binder,Stationery,121.57,77,2024-05-18
2584,Jeans,Clothing,26.91,66,2024-03-08
2585,Tablet,Electronics,824.14,73,2024-05-12
2586,Headphones,Electronics,990.31,157,2024-08-13
2587,Desk,Furniture,515.61,77,2024-07-01
2588,Bookshelf,Furniture,611.26,89,2024-10-16
2589,Desk,Furniture,603.98,160,2024-07-07
2590,Cabinet,Furniture,512.26,128,2024-08-07
2591,Lamp,Furniture,703.63,183,2024-02-23
2592,Tablet,Electronics,412.05,145,2024-02-07
2593,Jacket,Clothing,176.59,90,2024-09-01
2594,Markers,Stationery,312.23,158,2024-10-15
2595,Chair,Furniture,364.18,51,2024-02-09
2596,Markers,Stationery,254.57,97,2024-05-10
2597,Lamp,Furniture,546.05,86,2024-03-08
2598,Bookshelf,Furniture,123.93,128,2024-09-16
2599,Tablet,Electronics,938.51,87,2024-08-14
2600,Smartwatch,Electronics,1037.23,126,2024-04-13
2601,T-Shirt,Clothing,150.83,171,2024-07-26
2602,Bookshelf,Furniture,564.75,118,2024-08-20
2603,Lamp,Furniture,185.48,64,2024-06-24
2604,Sneakers,Clothing,28.39,109,2024-01-31
2605,Cap,Clothing,20.47,88,2024-03-29
2606,Notebook,Stationery,449.76,75,2024-04-24
2607,Laptop,Electronics,221.68,57,2024-04-24
2608,Jeans,Clothing,194.75,72,2024-08-08
2609,Laptop,Electronics,280.18,36,2024-06-17
2610,Cabinet,Furniture,201.81,85,2024-07-14
2611,Cap,Clothing,177.22,75,2024-03-21
2612,Notebook,Stationery,101.33,194,2024-01-19
2613,Markers,Stationery,403.96,129,2024-09-03
2614,Smartwatch,Electronics,739.13,200,2024-07-17
2615,Laptop,Electronics,679.29,117,2024-01-30
2616,Notebook,Stationery,146.61,24,2024-09-27
2617,Notebook,Stationery,214.31,52,2024-01-22
2618,Cap,Clothing,146.47,26,2024-06-01
2619,Tablet,Electronics,263.59,164,2024-01-11
2620,Notebook,Stationery,194.82,178,2024-01-20
2621,Smartwatch,Electronics,887.04,196,2024-02-23
2622,Smartwatch,Electronics,965.39,54,2024-08-18
2623,Jacket,Clothing,171.75,137,2024-06-24
2624,Sneakers,Clothing,39.63,66,2024-01-07
2625,Jeans,Clothing,152.42,149,2024-10-02
2626,Jacket,Clothing,160.57,170,2024-02-16
2627,Chair,Furniture,345.06,195,2024-08-29
2628,Smartwatch,Electronics,1069.26,108,2024-01-01
2629,Smartphone,Electronics,311.2,141,2024-01-14
2630,Pen Set,Stationery,292.0,133,2024-01-17
2631,Jacket,Clothing,98.11,104,2024-03-08
2632,Smartphone,Electronics,378.64,42,2024-04-30
2633,Desk,Furniture,753.46,183,2024-02-20
2634,Markers,Stationery,72.14,24,2024-06-15
2635,Notebook,Stationery,287.79,161,2024-04-30
2636,Headphones,Electronics,291.52,59,2024-09-14
2637,Notebook,Stationery,499.49,193,2024-08-25
2638,Binder,Stationery,251.47,119,2024-04-15
2639,Headphones,Electronics,367.12,193,2024-05-28
2640,Lamp,Furniture,223.17,149,2024-06-26
2641,Markers,Stationery,253.97,92,2024-05-13
2642,Calculator,Stationery,446.63,122,2024-08-07
2643,Notebook,Stationery,338.38,67,2024-08-16
2644,Cap,Clothing,24.71,182,2024-03-14
2645,Desk,Furniture,364.22,43,2024-05-24
2646,Lamp,Furniture,436.77,87,2024-06-08
2647,Binder,Stationery,483.32,177,2024-05-08
2648,Jacket,Clothing,70.86,43,2024-08-28
2649,Desk,Furniture,544.83,133,2024-10-26
2650,Cap,Clothing,128.7,115,2024-05-09
2651,Cabinet,Furniture,764.67,143,2024-04-06
2652,Cap,Clothing,63.06,190,2024-02-04
2653,Laptop,Electronics,1045.96,114,2024-08-22
2654,Notebook,Stationery,388.66,133,2024-02-10
2655,Smartwatch,Electronics,1137.97,19,2024-09-04
2656,Pen Set,Stationery,319.83,177,2024-05-22
2657,Sneakers,Clothing,57.65,30,2024-06-24
2658,Cap,Clothing,34.05,100,2024-06-08
2659,Smartwatch,Electronics,738.14,128,2024-09-14
2660,Smartwatch,Electronics,809.35,172,2024-03-25
2661,Sneakers,Clothing,117.72,73,2024-05-31
2662,Jeans,Clothing,38.12,78,2024-10-08
2663,Jacket,Clothing,82.99,81,2024-04-07
2664,Cabinet,Furniture,169.84,74,2024-09-23
2665,Desk,Furniture,131.04,165,2024-06-14
2666,Jacket,Clothing,187.8,106,2024-01-24
2667,Sneakers,Clothing,107.29,139,2024-08-28
2668,Desk,Furniture,289.27,13,2024-05-15
2669,Tablet,Electronics,1059.96,129,2024-04-18
2670,Smartphone,Electronics,546.43,169,2024-04-30
2671,Headphones,Electronics,524.26,42,2024-04-20
2672,Binder,Stationery,396.21,125,2024-05-25
2673,Tablet,Electronics,607.99,50,2024-04-18
2674,Jeans,Clothing,175.2,133,2024-02-23
2675,Markers,Stationery,360.03,109,2024-04-13
2676,Pen Set,Stationery,153.76,45,2024-07-08
2677,Desk,Furniture,271.02,196,2024-09-03
2678,Headphones,Electronics,645.01,169,2024-02-19
2679,Jeans,Clothing,183.36,105,2024-03-08
2680,Calculator,Stationery,305.96,173,2024-09-21
2681,Chair,Furniture,191.29,181,2024-08-13
2682,Binder,Stationery,470.31,151,2024-02-12
2683,Cap,Clothing,128.18,124,2024-07-11
2684,Sneakers,Clothing,193.35,43,2024-07-17
2685,Calculator,Stationery,178.38,111,2024-04-21
2686,Cap,Clothing,99.33,59,2024-06-14
2687,Sneakers,Clothing,44.94,135,2024-02-08
2688,Smartphone,Electronics,865.89,152,2024-07-06
2689,Cabinet,Furniture,774.92,181,2024-02-13
2690,Sneakers,Clothing,81.84,11,2024-07-05
2691,Jeans,Clothing,43.27,125,2024-05-30
2692,Smartwatch,Electronics,202.41,96,2024-10-22
2693,Jacket,Clothing,159.22,103,2024-05-03
2694,Binder,Stationery,293.08,105,2024-05-25
2695,Headphones,Electronics,339.9,157,2024-02-04
2696,Smartphone,Electronics,374.45,42,2024-05-12
2697,Laptop,Electronics,1138.11,182,2024-03-31
2698,Markers,Stationery,109.65,173,2024-01-26
2699,Notebook,Stationery,376.04,194,2024-02-04
2700,Cap,Clothing,69.01,186,2024-09-06
2701,Desk,Furniture,627.23,189,2024-01-04
2702,Smartwatch,Electronics,631.19,110,2024-02-23
2703,Tablet,Electronics,1086.3,20,2024-09-16
2704,Smartphone,Electronics,461.56,14,2024-04-07
2705,Smartwatch,Electronics,764.79,21,2024-06-09
2706,Calculator,Stationery,227.95,61,2024-03-08
2707,Notebook,Stationery,306.22,138,2024-01-16
2708,Tablet,Electronics,491.88,22,2024-02-08
2709,Calculator,Stationery,162.69,151,2024-07-01
2710,T-Shirt,Clothing,113.41,112,2024-07-25
2711,Chair,Furniture,448.44,186,2024-06-04
2712,Cap,Clothing,169.3,170,2024-05-25
2713,Smartphone,Electronics,1146.76,80,2024-03-17
2714,Bookshelf,Furniture,236.54,83,2024-03-13
2715,Binder,Stationery,383.88,40,2024-05-07
2716,Binder,Stationery,214.98,91,2024-08-04
2717,T-Shirt,Clothing,185.29,34,2024-10-05
2718,Desk,Furniture,690.72,123,2024-07-22
2719,Cabinet,Furniture,713.21,194,2024-09-11
2720,Cap,Clothing,28.46,195,2024-09-09
2721,Pen Set,Stationery,204.27,102,2024-02-02
2722,Tablet,Electronics,1122.74,130,2024-04-13
2723,Notebook,Stationery,306.86,78,2024-01-17
2724,Bookshelf,Furniture,557.0,132,2024-01-30
2725,Notebook,Stationery,443.21,42,2024-06-11
2726,Desk,Furniture,127.38,85,2024-10-26
2727,Calculator,Stationery,89.27,171,2024-06-02
2728,Sneakers,Clothing,180.31,75,2024-07-03
2729,Calculator,Stationery,33.51,109,2024-08-24
2730,Desk,Furniture,209.75,17,2024-07-30
2731,Desk,Furniture,748.74,141,2024-08-13
2732,Pen Set,Stationery,276.08,137,2024-10-20
2733,Jeans,Clothing,20.16,38,2024-06-23
2734,Desk,Furniture,458.75,64,2024-06-18
2735,Cap,Clothing,88.89,182,2024-01-19
2736,Binder,Stationery,348.79,166,2024-09-08
2737,Sneakers,Clothing,30.65,200,2024-07-03
2738,Cap,Clothing,167.86,28,2024-02-04
2739,Sneakers,Clothing,75.94,188,2024-07-09
2740,Chair,Furniture,290.32,197,2024-01-08
2741,Headphones,Electronics,458.12,198,2024-10-12
2742,Jeans,Clothing,143.8,45,2024-08-19
2743,Headphones,Electronics,175.04,113,2024-01-18
2744,Cabinet,Furniture,197.86,54,2024-01-02
2745,Tablet,Electronics,713.92,188,2024-04-22
2746,Smartwatch,Electronics,319.27,95,2024-08-14
2747,Smartphone,Electronics,961.68,83,2024-04-28
2748,Smartwatch,Electronics,215.99,20,2024-03-12
2749,Bookshelf,Furniture,437.82,87,2024-06-23
2750,Jacket,Clothing,150.78,188,2024-01-27
2751,Jacket,Clothing,165.51,65,2024-06-03
2752,Lamp,Furniture,701.21,187,2024-02-02
2753,Pen Set,Stationery,101.29,178,2024-06-03
2754,Smartwatch,Electronics,1000.66,124,2024-02-28
2755,Calculator,Stationery,346.09,125,2024-01-11
2756,Desk,Furniture,477.38,44,2024-04-18
2757,Chair,Furniture,410.17,164,2024-02-13
2758,Notebook,Stationery,472.29,99,2024-02-19
2759,Smartphone,Electronics,1124.65,117,2024-02-27
2760,Chair,Furniture,214.02,161,2024-01-30
2761,Tablet,Electronics,763.38,60,2024-01-05
2762,T-Shirt,Clothing,132.34,98,2024-05-08
2763,Chair,Furniture,390.77,128,2024-02-25
2764,Cabinet,Furniture,708.73,150,2024-08-31
2765,Calculator,Stationery,482.6,158,2024-01-01
2766,Tablet,Electronics,715.91,52,2024-04-02
2767,Chair,Furniture,403.25,169,2024-08-23
2768,Chair,Furniture,402.89,67,2024-05-17
2769,Markers,Stationery,190.35,175,2024-06-04
2770,Cabinet,Furniture,637.57,50,2024-04-01
2771,Bookshelf,Furniture,370.3,127,2024-09-02
2772,Smartphone,Electronics,582.83,198,2024-01-26
2773,Cap,Clothing,103.22,91,2024-03-04
2774,Notebook,Stationery,84.15,16,2024-02-01
2775,Markers,Stationery,234.51,124,2024-01-19
2776,Cabinet,Furniture,272.14,192,2024-07-21
2777,Sneakers,Clothing,129.49,42,2024-02-14
2778,T-Shirt,Clothing,186.32,180,2024-01-06
2779,Chair,Furniture,594.06,119,2024-08-30
2780,Bookshelf,Furniture,595.47,154,2024-09-05
2781,Bookshelf,Furniture,593.65,92,2024-07-15
2782,Bookshelf,Furniture,361.21,158,2024-02-03
2783,Markers,Stationery,463.85,59,2024-09-05
2784,Cabinet,Furniture,495.4,44,2024-02-28
2785,Markers,Stationery,403.1,137,2024-10-14
2786,Desk,Furniture,263.02,22,2024-01-01
2787,Jacket,Clothing,171.11,92,2024-01-08
2788,Bookshelf,Furniture,583.23,174,2024-02-02
2789,Calculator,Stationery,148.45,183,2024-10-24
2790,Chair,Furniture,141.14,70,2024-07-15
2791,Binder,Stationery,43.12,156,2024-06-04
2792,Calculator,Stationery,198.93,14,2024-04-03
2793,Binder,Stationery,351.0,181,2024-01-28
2794,Jacket,Clothing,90.25,154,2024-02-14
2795,Headphones,Electronics,1105.47,190,2024-06-13
2796,Notebook,Stationery,219.25,183,2024-03-28
2797,Chair,Furniture,724.36,184,2024-01-21
2798,Laptop,Electronics,1020.47,63,2024-05-18
2799,Laptop,Electronics,1177.68,54,2024-08-11
2800,Jacket,Clothing,124.75,34,2024-07-30
2801,T-Shirt,Clothing,180.3,197,2024-09-10
2802,Desk,Furniture,299.67,35,2024-06-05
2803,Pen Set,Stationery,429.81,137,2024-09-26
2804,Markers,Stationery,212.78,51,2024-07-14
2805,Cap,Clothing,62.4,73,2024-09-03
2806,Smartphone,Electronics,912.54,104,2024-04-13
2807,Jacket,Clothing,73.22,176,2024-04-06
2808,Sneakers,Clothing,29.27,143,2024-08-09
2809,Cabinet,Furniture,317.91,69,2024-05-20
2810,Cap,Clothing,142.43,40,2024-10-18
2811,Pen Set,Stationery,57.42,140,2024-04-30
2812,Jeans,Clothing,188.35,84,2024-04-17
2813,T-Shirt,Clothing,193.07,25,2024-01-01
2814,T-Shirt,Clothing,77.12,127,2024-10-14
2815,T-Shirt,Clothing,48.22,167,2024-07-01
2816,Cap,Clothing,187.41,146,2024-10-20
2817,Calculator,Stationery,258.78,82,2024-03-01
2818,Smartphone,Electronics,828.45,143,2024-02-14
2819,Bookshelf,Furniture,543.97,171,2024-03-24
2820,Jacket,Clothing,52.24,188,2024-07-22
2821,Laptop,Electronics,836.12,140,2024-02-15
2822,T-Shirt,Clothing,172.77,32,2024-04-24
2823,Tablet,Electronics,606.81,145,2024-06-26
2824,T-Shirt,Clothing,162.99,101,2024-08-30
2825,Notebook,Stationery,111.97,19,2024-01-31
2826,Tablet,Electronics,694.25,150,2024-04-29
2827,Laptop,Electronics,912.32,55,2024-07-21
2828,Sneakers,Clothing,84.66,140,2024-06-13
2829,T-Shirt,Clothing,25.62,135,2024-08-26
2830,Desk,Furniture,681.82,177,2024-04-19
2831,Cabinet,Furniture,273.17,104,2024-05-19
2832,Chair,Furniture,155.96,135,2024-06-10
2833,Jacket,Clothing,42.57,75,2024-05-12
2834,Lamp,Furniture,640.6,18,2024-07-28
2835,Binder,Stationery,171.8,90,2024-03-15
2836,Jeans,Clothing,145.18,185,2024-05-08
2837,Smartwatch,Electronics,741.19,31,2024-02-27
2838,Headphones,Electronics,1181.48,190,2024-03-12
2839,Headphones,Electronics,1040.1,145,2024-05-07
2840,Chair,Furniture,320.95,198,2024-06-14
2841,Jeans,Clothing,76.05,71,2024-02-09
2842,Jacket,Clothing,190.05,12,2024-08-28
2843,Jeans,Clothing,105.19,65,2024-05-05
2844,Cabinet,Furniture,680.19,27,2024-01-13
2845,Bookshelf,Furniture,700.43,58,2024-08-18
2846,T-Shirt,Clothing,122.5,190,2024-05-04
2847,Desk,Furniture,743.14,137,2024-01-07
2848,Desk,Furniture,177.74,87,2024-06-27
2849,Cabinet,Furniture,753.99,170,2024-09-04
2850,Cabinet,Furniture,172.45,155,2024-07-31
2851,Smartwatch,Electronics,276.23,139,2024-01-06
2852,Markers,Stationery,126.78,72,2024-05-10
2853,Markers,Stationery,59.05,186,2024-02-24
2854,Notebook,Stationery,260.32,177,2024-09-15
2855,Jacket,Clothing,150.26,155,2024-03-20
2856,Laptop,Electronics,839.06,51,2024-02-07
2857,Laptop,Electronics,483.98,199,2024-05-08
2858,Jacket,Clothing,121.11,77,2024-03-30
2859,Markers,Stationery,499.78,49,2024-05-29
2860,Calculator,Stationery,34.37,153,2024-02-10
2861,Jeans,Clothing,53.71,85,2024-03-08
2862,Smartwatch,Electronics,262.38,66,2024-10-19
2863,Smartwatch,Electronics,377.76,29,2024-02-22
2864,Jeans,Clothing,41.46,37,2024-07-10
2865,Markers,Stationery,220.44,127,2024-05-28
2866,T-Shirt,Clothing,161.11,156,2024-10-05
2867,Smartphone,Electronics,655.6,38,2024-03-25
2868,Calculator,Stationery,295.38,32,2024-04-20
2869,T-Shirt,Clothing,145.26,130,2024-01-02
2870,Lamp,Furniture,333.97,145,2024-01-31
2871,Pen Set,Stationery,351.89,33,2024-10-27
2872,Markers,Stationery,416.74,13,2024-10-02
2873,Tablet,Electronics,853.51,94,2024-09-19
2874,Notebook,Stationery,308.85,120,2024-06-11
2875,Bookshelf,Furniture,419.19,20,2024-02-12
2876,Markers,Stationery,449.96,152,2024-01-31
2877,Laptop,Electronics,515.64,172,2024-02-10
2878,Smartwatch,Electronics,410.17,119,2024-10-22
2879,Laptop,Electronics,253.34,13,2024-05-18
2880,Jeans,Clothing,97.85,106,2024-03-24
2881,Binder,Stationery,166.84,198,2024-09-25
2882,Laptop,Electronics,288.77,47,2024-10-19
2883,Notebook,Stationery,148.2,184,2024-08-18
2884,T-Shirt,Clothing,196.04,110,2024-06-13
2885,T-Shirt,Clothing,29.67,139,2024-10-07
2886,Smartphone,Electronics,645.37,93,2024-02-18
2887,Cabinet,Furniture,276.14,145,2024-03-28
2888,Cap,Clothing,43.2,50,2024-04-29
2889,Cabinet,Furniture,155.96,189,2024-01-08
2890,Cabinet,Furniture,763.51,140,2024-06-25
2891,Tablet,Electronics,409.91,148,2024-05-02
2892,Bookshelf,Furniture,490.23,171,2024-06-04
2893,Cap,Clothing,49.12,20,2024-05-30
2894,Bookshelf,Furniture,631.78,31,2024-05-12
2895,Cabinet,Furniture,696.81,160,2024-09-22
2896,Markers,Stationery,178.48,115,2024-02-28
2897,T-Shirt,Clothing,77.36,33,2024-07-29
2898,Chair,Furniture,574.31,52,2024-05-17
2899,Smartwatch,Electronics,789.06,186,2024-02-21
2900,Pen Set,Stationery,314.07,103,2024-08-21
2901,Desk,Furniture,709.29,28,2024-06-03
2902,Sneakers,Clothing,199.92,157,2024-02-26
2903,Laptop,Electronics,882.92,125,2024-07-13
2904,Desk,Furniture,440.55,98,2024-06-25
2905,Pen Set,Stationery,76.5,48,2024-03-19
2906,Bookshelf,Furniture,482.2,119,2024-10-18
2907,Desk,Furniture,633.94,41,2024-09-11
2908,Jacket,Clothing,158.27,109,2024-06-25
2909,Chair,Furniture,705.16,130,2024-09-09
2910,Tablet,Electronics,1003.05,20,2024-06-07
2911,Chair,Furniture,409.37,199,2024-06-29
2912,Jacket,Clothing,122.44,95,2024-04-21
2913,Headphones,Electronics,814.61,64,2024-10-03
2914,Binder,Stationery,81.77,27,2024-05-26
2915,Desk,Furniture,518.73,82,2024-07-12
2916,Cap,Clothing,57.19,154,2024-03-22
2917,Headphones,Electronics,690.13,115,2024-07-20
2918,Smartwatch,Electronics,712.74,37,2024-03-18
2919,Tablet,Electronics,1061.77,38,2024-03-22
2920,Smartwatch,Electronics,842.21,72,2024-07-06
2921,Headphones,Electronics,442.92,188,2024-09-01
2922,Notebook,Stationery,263.21,149,2024-09-13
2923,Smartphone,Electronics,540.18,179,2024-09-10
2924,Markers,Stationery,318.67,145,2024-01-23
2925,Notebook,Stationery,271.14,33,2024-09-29
2926,Cap,Clothing,174.11,42,2024-07-06
2927,Cap,Clothing,165.13,106,2024-09-05
2928,Smartphone,Electronics,1072.13,177,2024-07-20
2929,Jeans,Clothing,97.36,106,2024-04-29
2930,Markers,Stationery,417.81,106,2024-03-20
2931,Bookshelf,Furniture,446.41,79,2024-05-09
2932,Jeans,Clothing,128.72,111,2024-10-01
2933,Lamp,Furniture,448.55,82,2024-09-10
2934,Laptop,Electronics,682.4,167,2024-01-07
2935,Lamp,Furniture,324.92,11,2024-08-09
2936,Notebook,Stationery,374.58,60,2024-09-18
2937,Jeans,Clothing,105.16,170,2024-08-07
2938,Jacket,Clothing,83.61,91,2024-05-20
2939,Smartwatch,Electronics,918.4,136,2024-06-19
2940,Smartwatch,Electronics,698.61,187,2024-01-18
2941,Binder,Stationery,311.85,21,2024-03-26
2942,Smartphone,Electronics,344.63,15,2024-02-18
2943,Headphones,Electronics,602.88,64,2024-04-10
2944,T-Shirt,Clothing,162.62,109,2024-07-18
2945,Desk,Furniture,557.7,55,2024-01-29
2946,Sneakers,Clothing,129.24,40,2024-10-01
2947,Chair,Furniture,660.79,13,2024-09-13
2948,Cabinet,Furniture,547.21,200,2024-02-09
2949,T-Shirt,Clothing,187.54,189,2024-04-17
2950,Cap,Clothing,54.35,16,2024-10-27
2951,Notebook,Stationery,204.91,28,2024-10-15
2952,Sneakers,Clothing,21.75,131,2024-07-25
2953,Markers,Stationery,28.74,153,2024-08-20
2954,Calculator,Stationery,63.01,23,2024-05-29
2955,Jacket,Clothing,141.63,166,2024-02-26
2956,Calculator,Stationery,304.14,197,2024-06-20
2957,Pen Set,Stationery,110.5,20,2024-02-12
2958,Binder,Stationery,201.34,172,2024-02-16
2959,Sneakers,Clothing,171.48,87,2024-06-27
2960,Jacket,Clothing,183.5,37,2024-03-28
2961,Bookshelf,Furniture,751.53,179,2024-09-13
2962,Jeans,Clothing,39.85,156,2024-07-30
2963,Chair,Furniture,584.89,22,2024-01-02
2964,Jeans,Clothing,74.88,103,2024-06-09
2965,Cap,Clothing,106.34,174,2024-04-20
2966,Jacket,Clothing,125.21,78,2024-09-29
2967,Laptop,Electronics,575.09,57,2024-02-24
2968,Markers,Stationery,64.19,184,2024-02-25
2969,Chair,Furniture,518.65,122,2024-05-14
2970,Cap,Clothing,29.78,68,2024-08-05
2971,Tablet,Electronics,886.64,119,2024-01-04
2972,Notebook,Stationery,68.29,91,2024-09-03
2973,Markers,Stationery,15.95,132,2024-02-05
2974,Desk,Furniture,785.05,122,2024-03-17
2975,Jacket,Clothing,37.62,80,2024-07-05
2976,Markers,Stationery,367.28,91,2024-07-12
2977,T-Shirt,Clothing,118.26,170,2024-02-09
2978,Calculator,Stationery,31.95,168,2024-06-03
2979,Calculator,Stationery,101.51,139,2024-02-24
2980,Jeans,Clothing,160.8,158,2024-05-08
2981,Bookshelf,Furniture,144.99,78,2024-02-08
2982,Jacket,Clothing,136.1,186,2024-06-29
2983,Markers,Stationery,317.72,76,2024-01-25
2984,Sneakers,Clothing,164.1,113,2024-09-09
2985,T-Shirt,Clothing,83.65,196,2024-08-04
2986,Pen Set,Stationery,177.81,136,2024-04-03
2987,Notebook,Stationery,97.9,12,2024-08-04
2988,Binder,Stationery,491.3,193,2024-01-28
2989,Jeans,Clothing,194.09,139,2024-07-07
2990,Desk,Furniture,743.09,78,2024-08-05
2991,Laptop,Electronics,926.86,79,2024-06-01
2992,Tablet,Electronics,1128.49,151,2024-07-13
2993,Tablet,Electronics,663.3,71,2024-02-13
2994,Cap,Clothing,143.26,13,2024-10-08
2995,Tablet,Electronics,643.52,76,2024-02-17
2996,Headphones,Electronics,386.48,15,2024-08-02
2997,Tablet,Electronics,246.6,62,2024-06-14
2998,Calculator,Stationery,64.88,72,2024-07-19
2999,Cabinet,Furniture,738.72,48,2024-06-20
